 Image stockix-acme-redis Building 
 Image stockix-acme-server Building 
 Image stockix-acme-mysql Building 
 Image stockix-acme-mongo Building 
#1 [internal] load local bake definitions
#1 reading from stdin 2.04kB done
#1 DONE 0.0s

#2 [internal] load build definition from Dockerfile
#2 transferring dockerfile:
#2 transferring dockerfile: 3.78kB done
#2 DONE 0.4s

#3 [internal] load metadata for docker.io/library/node:14.21.3
#3 DONE 0.0s

#4 [internal] load .dockerignore
#4 transferring context:
#4 transferring context: 2B done
#4 DONE 0.2s

#5 [deps 1/9] FROM docker.io/library/node:14.21.3
#5 DONE 0.0s

#6 [internal] load build context
#6 transferring context: 162.86kB 0.7s done
#6 DONE 0.9s

#7 [deps 2/9] WORKDIR /app
#7 CACHED

#8 [deps 3/9] RUN npm install -g npm@8.19.4 && chown node:node /
#8 CACHED

#9 [deps 4/9] COPY ./package*.json ./
#9 CACHED

#10 [deps 5/9] COPY ./packages/server/package*.json ./packages/server/
#10 CACHED

#11 [deps 6/9] COPY ./.npmrc ./.npmrc
#11 CACHED

#12 [deps 7/9] COPY ./lerna.json ./lerna.json
#12 CACHED

#13 [deps 8/9] RUN npm ci --legacy-peer-deps
#13 6.739 npm WARN old lockfile 
#13 6.741 npm WARN old lockfile The package-lock.json file was created with an old version of npm,
#13 6.741 npm WARN old lockfile so supplemental metadata must be fetched from the registry.
#13 6.741 npm WARN old lockfile 
#13 6.741 npm WARN old lockfile This is a one-time fix-up, please be patient...
#13 6.741 npm WARN old lockfile 
#13 137.1 npm WARN EBADENGINE Unsupported engine {
#13 137.1 npm WARN EBADENGINE   package: '@inquirer/external-editor@1.0.3',
#13 137.1 npm WARN EBADENGINE   required: { node: '>=18' },
#13 137.1 npm WARN EBADENGINE   current: { node: 'v14.21.3', npm: '8.19.4' }
#13 137.1 npm WARN EBADENGINE }
#13 137.1 npm WARN EBADENGINE Unsupported engine {
#13 137.1 npm WARN EBADENGINE   package: 'objection-filter@4.0.1',
#13 137.1 npm WARN EBADENGINE   required: { node: '>=10.0.0 <=12.x.x' },
#13 137.1 npm WARN EBADENGINE   current: { node: 'v14.21.3', npm: '8.19.4' }
#13 137.1 npm WARN EBADENGINE }
#13 137.2 npm notice 
#13 137.2 npm notice New major version of npm available! 8.19.4 -> 11.13.0
#13 137.2 npm notice Changelog: <https://github.com/npm/cli/releases/tag/v11.13.0>
#13 137.2 npm notice Run `npm install -g npm@11.13.0` to update!
#13 137.2 npm notice 
#13 137.8 npm ERR! code EUSAGE
#13 139.6 npm ERR! 
#13 139.6 npm ERR! `npm ci` can only install packages when your package.json and package-lock.json or npm-shrinkwrap.json are in sync. Please update your lock file with `npm install` before continuing.
#13 139.6 npm ERR! 
#13 139.6 npm ERR! Missing: @stockix/server@0.9.5 from lock file
#13 139.6 npm ERR! Missing: @stockix/server@0.9.5 from lock file
#13 139.6 npm ERR! Missing: @casl/ability@5.4.3 from lock file
#13 139.6 npm ERR! Missing: @hapi/boom@7.4.3 from lock file
#13 139.6 npm ERR! Missing: @types/i18n@0.8.7 from lock file
#13 139.6 npm ERR! Missing: @types/knex@0.16.1 from lock file
#13 139.6 npm ERR! Missing: @types/lodash@4.14.158 from lock file
#13 139.6 npm ERR! Missing: @types/mathjs@6.0.12 from lock file
#13 139.6 npm ERR! Missing: @types/node@18.19.130 from lock file
#13 139.6 npm ERR! Missing: @types/ramda@0.27.64 from lock file
#13 139.6 npm ERR! Missing: @typescript-eslint/eslint-plugin@5.50.0 from lock file
#13 139.6 npm ERR! Missing: @typescript-eslint/parser@5.50.0 from lock file
#13 139.6 npm ERR! Missing: accepts@1.3.7 from lock file
#13 139.6 npm ERR! Missing: accounting@0.4.1 from lock file
#13 139.6 npm ERR! Missing: agenda@4.2.1 from lock file
#13 139.6 npm ERR! Missing: agendash@3.1.0 from lock file
#13 139.6 npm ERR! Missing: app-root-path@3.0.0 from lock file
#13 139.6 npm ERR! Missing: async@3.2.0 from lock file
#13 139.6 npm ERR! Missing: axios@0.20.0 from lock file
#13 139.6 npm ERR! Missing: babel-loader@9.1.2 from lock file
#13 139.6 npm ERR! Missing: bcryptjs@2.4.3 from lock file
#13 139.6 npm ERR! Missing: bluebird@3.7.2 from lock file
#13 139.6 npm ERR! Missing: chai@4.2.0 from lock file
#13 139.6 npm ERR! Missing: chai-http@4.3.0 from lock file
#13 139.6 npm ERR! Missing: chai-things@0.2.0 from lock file
#13 139.6 npm ERR! Missing: colorette@1.2.0 from lock file
#13 139.6 npm ERR! Missing: commander@5.0.0 from lock file
#13 139.6 npm ERR! Missing: compression@1.7.4 from lock file
#13 139.6 npm ERR! Missing: country-codes-list@1.6.8 from lock file
#13 139.6 npm ERR! Missing: cpy@8.1.2 from lock file
#13 139.6 npm ERR! Missing: cpy-cli@3.1.1 from lock file
#13 139.6 npm ERR! Missing: cross-env@5.2.0 from lock file
#13 139.6 npm ERR! Missing: crypto-random-string@3.2.0 from lock file
#13 139.6 npm ERR! Missing: csurf@1.10.0 from lock file
#13 139.6 npm ERR! Missing: deep-map@2.0.0 from lock file
#13 139.6 npm ERR! Missing: deepdash@5.3.7 from lock file
#13 139.6 npm ERR! Missing: dotenv@8.1.0 from lock file
#13 139.6 npm ERR! Missing: errorhandler@1.5.1 from lock file
#13 139.6 npm ERR! Missing: es6-weak-map@2.0.3 from lock file
#13 139.6 npm ERR! Missing: eslint@8.33.0 from lock file
#13 139.6 npm ERR! Missing: eslint-config-airbnb-base@15.0.0 from lock file
#13 139.6 npm ERR! Missing: eslint-config-airbnb-typescript@17.0.0 from lock file
#13 139.6 npm ERR! Missing: eslint-friendly-formatter@4.0.1 from lock file
#13 139.6 npm ERR! Missing: eslint-import-resolver-typescript@3.5.3 from lock file
#13 139.6 npm ERR! Missing: eslint-import-resolver-webpack@0.11.1 from lock file
#13 139.6 npm ERR! Missing: eslint-loader@2.2.1 from lock file
#13 139.6 npm ERR! Missing: eslint-plugin-import@2.27.5 from lock file
#13 139.6 npm ERR! Missing: esm@3.2.25 from lock file
#13 139.6 npm ERR! Missing: event-dispatch@0.4.1 from lock file
#13 139.6 npm ERR! Missing: eventemitter2@6.4.5 from lock file
#13 139.6 npm ERR! Missing: express@4.17.1 from lock file
#13 139.6 npm ERR! Missing: express-basic-auth@1.2.0 from lock file
#13 139.6 npm ERR! Missing: express-boom@3.0.0 from lock file
#13 139.6 npm ERR! Missing: express-fileupload@1.1.7-alpha.3 from lock file
#13 139.6 npm ERR! Missing: express-oauth-server@2.0.0 from lock file
#13 139.6 npm ERR! Missing: express-validator@6.12.2 from lock file
#13 139.6 npm ERR! Missing: faker@4.1.0 from lock file
#13 139.6 npm ERR! Missing: getopts@2.2.5 from lock file
#13 139.6 npm ERR! Missing: gulp@4.0.2 from lock file
#13 139.6 npm ERR! Missing: gulp-postcss@9.0.0 from lock file
#13 139.6 npm ERR! Missing: gulp-rename@2.0.0 from lock file
#13 139.6 npm ERR! Missing: gulp-sass@5.0.0 from lock file
#13 139.6 npm ERR! Missing: helmet@3.21.0 from lock file
#13 139.6 npm ERR! Missing: i18n@0.13.3 from lock file
#13 139.6 npm ERR! Missing: is-my-json-valid@2.20.5 from lock file
#13 139.6 npm ERR! Missing: js-money@0.6.3 from lock file
#13 139.6 npm ERR! Missing: jsonwebtoken@8.5.1 from lock file
#13 139.6 npm ERR! Missing: knex@0.95.15 from lock file
#13 139.6 npm ERR! Missing: knex-cleaner@1.3.0 from lock file
#13 139.6 npm ERR! Missing: knex-db-manager@0.6.1 from lock file
#13 139.6 npm ERR! Missing: knex-factory@0.0.6 from lock file
#13 139.6 npm ERR! Missing: libphonenumber-js@1.9.6 from lock file
#13 139.6 npm ERR! Missing: lodash@4.17.15 from lock file
#13 139.6 npm ERR! Missing: mathjs@9.4.0 from lock file
#13 139.6 npm ERR! Missing: memory-cache@0.2.0 from lock file
#13 139.6 npm ERR! Missing: mocha@5.2.0 from lock file
#13 139.6 npm ERR! Missing: moment@2.24.0 from lock file
#13 139.6 npm ERR! Missing: moment-range@4.0.2 from lock file
#13 139.6 npm ERR! Missing: mongoose@5.10.0 from lock file
#13 139.6 npm ERR! Missing: mustache@3.0.3 from lock file
#13 139.6 npm ERR! Missing: mysql@2.17.1 from lock file
#13 139.6 npm ERR! Missing: mysql2@1.6.5 from lock file
#13 139.6 npm ERR! Missing: node-cache@4.2.1 from lock file
#13 139.6 npm ERR! Missing: nodemailer@6.3.0 from lock file
#13 139.6 npm ERR! Missing: nodemon@1.19.1 from lock file
#13 139.6 npm ERR! Missing: noop2@1.0.0 from lock file
#13 139.6 npm ERR! Missing: npm-run-all@4.1.5 from lock file
#13 139.6 npm ERR! Missing: nyc@14.1.1 from lock file
#13 139.6 npm ERR! Missing: object-hash@2.0.3 from lock file
#13 139.6 npm ERR! Missing: objection@3.0.0 from lock file
#13 139.6 npm ERR! Missing: objection-filter@4.0.1 from lock file
#13 139.6 npm ERR! Missing: objection-soft-delete@1.0.7 from lock file
#13 139.6 npm ERR! Missing: objection-unique@1.2.2 from lock file
#13 139.6 npm ERR! Missing: pluralize@8.0.0 from lock file
#13 139.6 npm ERR! Missing: progress-bar-webpack-plugin@2.1.0 from lock file
#13 139.6 npm ERR! Missing: pug@3.0.2 from lock file
#13 139.6 npm ERR! Missing: puppeteer@10.2.0 from lock file
#13 139.6 npm ERR! Missing: qim@0.0.52 from lock file
#13 139.6 npm ERR! Missing: ramda@0.27.1 from lock file
#13 139.6 npm ERR! Missing: rate-limiter-flexible@2.1.14 from lock file
#13 139.6 npm ERR! Missing: reflect-metadata@0.1.13 from lock file
#13 139.6 npm ERR! Missing: regenerator-runtime@0.13.7 from lock file
#13 139.6 npm ERR! Missing: rtl-detect@1.0.4 from lock file
#13 139.6 npm ERR! Missing: rtlcss@3.3.0 from lock file
#13 139.6 npm ERR! Missing: run-script-webpack-plugin@0.1.1 from lock file
#13 139.6 npm ERR! Missing: sass@1.37.5 from lock file
#13 139.6 npm ERR! Missing: sinon@7.4.2 from lock file
#13 139.6 npm ERR! Missing: start-server-webpack-plugin@2.2.5 from lock file
#13 139.6 npm ERR! Missing: ts-loader@9.4.2 from lock file
#13 139.6 npm ERR! Missing: ts-node@9.0.0 from lock file
#13 139.6 npm ERR! Missing: ts-transformer-keys@0.4.2 from lock file
#13 139.6 npm ERR! Missing: tsconfig-paths-webpack-plugin@4.0.0 from lock file
#13 139.6 npm ERR! Missing: tsyringe@4.3.0 from lock file
#13 139.6 npm ERR! Missing: typedi@0.8.0 from lock file
#13 139.6 npm ERR! Missing: typescript@3.9.7 from lock file
#13 139.6 npm ERR! Missing: uniqid@5.2.0 from lock file
#13 139.6 npm ERR! Missing: webpack@5.75.0 from lock file
#13 139.6 npm ERR! Missing: webpack-cli@4.10.0 from lock file
#13 139.6 npm ERR! Missing: webpack-merge@5.8.0 from lock file
#13 139.6 npm ERR! Missing: webpack-node-externals@3.0.0 from lock file
#13 139.6 npm ERR! Missing: webpack-watch-changed@1.0.0 from lock file
#13 139.6 npm ERR! Missing: winston@3.2.1 from lock file
#13 139.6 npm ERR! Missing: @ucast/mongo2js@1.4.1 from lock file
#13 139.6 npm ERR! Missing: @hapi/hoek@8.5.1 from lock file
#13 139.6 npm ERR! Missing: decimal.js@10.6.0 from lock file
#13 139.6 npm ERR! Missing: ts-toolbelt@6.15.5 from lock file
#13 139.6 npm ERR! Missing: @typescript-eslint/scope-manager@5.50.0 from lock file
#13 139.6 npm ERR! Missing: @typescript-eslint/type-utils@5.50.0 from lock file
#13 139.6 npm ERR! Missing: @typescript-eslint/utils@5.50.0 from lock file
#13 139.6 npm ERR! Missing: grapheme-splitter@1.0.4 from lock file
#13 139.6 npm ERR! Missing: natural-compare-lite@1.4.0 from lock file
#13 139.6 npm ERR! Missing: regexpp@3.2.0 from lock file
#13 139.6 npm ERR! Missing: tsutils@3.21.0 from lock file
#13 139.6 npm ERR! Missing: @typescript-eslint/types@5.50.0 from lock file
#13 139.6 npm ERR! Missing: @typescript-eslint/typescript-estree@5.50.0 from lock file
#13 139.6 npm ERR! Missing: @typescript-eslint/visitor-keys@5.50.0 from lock file
#13 139.6 npm ERR! Missing: @types/json-schema@7.0.15 from lock file
#13 139.6 npm ERR! Missing: @types/semver@7.7.1 from lock file
#13 139.6 npm ERR! Missing: eslint-scope@5.1.1 from lock file
#13 139.6 npm ERR! Missing: eslint-utils@3.0.0 from lock file
#13 139.6 npm ERR! Missing: eslint-visitor-keys@3.4.3 from lock file
#13 139.6 npm ERR! Missing: @ucast/core@1.10.2 from lock file
#13 139.6 npm ERR! Missing: @ucast/js@3.1.0 from lock file
#13 139.6 npm ERR! Missing: @ucast/mongo@2.4.3 from lock file
#13 139.6 npm ERR! Missing: negotiator@0.6.2 from lock file
#13 139.6 npm ERR! Missing: cron-parser@3.5.0 from lock file
#13 139.6 npm ERR! Missing: date.js@0.3.3 from lock file
#13 139.6 npm ERR! Missing: debug@4.3.7 from lock file
#13 139.6 npm ERR! Missing: human-interval@2.0.1 from lock file
#13 139.6 npm ERR! Missing: moment-timezone@0.5.48 from lock file
#13 139.6 npm ERR! Missing: mongodb@4.17.2 from lock file
#13 139.6 npm ERR! Missing: body-parser@1.20.5 from lock file
#13 139.6 npm ERR! Missing: commander@2.20.3 from lock file
#13 139.6 npm ERR! Missing: find-cache-dir@3.3.2 from lock file
#13 139.6 npm ERR! Missing: schema-utils@4.3.3 from lock file
#13 139.6 npm ERR! Missing: bytes@3.1.2 from lock file
#13 139.6 npm ERR! Missing: content-type@1.0.5 from lock file
#13 139.6 npm ERR! Missing: debug@2.6.9 from lock file
#13 139.6 npm ERR! Missing: depd@2.0.0 from lock file
#13 139.6 npm ERR! Missing: destroy@1.2.0 from lock file
#13 139.6 npm ERR! Missing: http-errors@2.0.1 from lock file
#13 139.6 npm ERR! Missing: iconv-lite@0.4.24 from lock file
#13 139.6 npm ERR! Missing: on-finished@2.4.1 from lock file
#13 139.6 npm ERR! Missing: qs@6.15.1 from lock file
#13 139.6 npm ERR! Missing: raw-body@2.5.3 from lock file
#13 139.6 npm ERR! Missing: type-is@1.6.18 from lock file
#13 139.6 npm ERR! Missing: unpipe@1.0.0 from lock file
#13 139.6 npm ERR! Missing: assertion-error@1.1.0 from lock file
#13 139.6 npm ERR! Missing: check-error@1.0.3 from lock file
#13 139.6 npm ERR! Missing: deep-eql@3.0.1 from lock file
#13 139.6 npm ERR! Missing: get-func-name@2.0.2 from lock file
#13 139.6 npm ERR! Missing: pathval@1.1.1 from lock file
#13 139.6 npm ERR! Missing: type-detect@4.1.0 from lock file
#13 139.6 npm ERR! Missing: @types/chai@4.3.20 from lock file
#13 139.6 npm ERR! Missing: @types/superagent@3.8.7 from lock file
#13 139.6 npm ERR! Missing: cookiejar@2.1.4 from lock file
#13 139.6 npm ERR! Missing: is-ip@2.0.0 from lock file
#13 139.6 npm ERR! Missing: methods@1.1.2 from lock file
#13 139.6 npm ERR! Missing: superagent@3.8.3 from lock file
#13 139.6 npm ERR! Missing: @types/cookiejar@2.1.5 from lock file
#13 139.6 npm ERR! Missing: bytes@3.0.0 from lock file
#13 139.6 npm ERR! Missing: compressible@2.0.18 from lock file
#13 139.6 npm ERR! Missing: debug@2.6.9 from lock file
#13 139.6 npm ERR! Missing: on-headers@1.0.2 from lock file
#13 139.6 npm ERR! Missing: safe-buffer@5.1.2 from lock file
#13 139.6 npm ERR! Missing: vary@1.1.2 from lock file
#13 139.6 npm ERR! Missing: arrify@2.0.1 from lock file
#13 139.6 npm ERR! Missing: cp-file@7.0.0 from lock file
#13 139.6 npm ERR! Missing: globby@9.2.0 from lock file
#13 139.6 npm ERR! Missing: has-glob@1.0.0 from lock file
#13 139.6 npm ERR! Missing: junk@3.1.0 from lock file
#13 139.6 npm ERR! Missing: nested-error-stacks@2.1.1 from lock file
#13 139.6 npm ERR! Missing: p-all@2.1.0 from lock file
#13 139.6 npm ERR! Missing: p-filter@2.1.0 from lock file
#13 139.6 npm ERR! Missing: p-map@3.0.0 from lock file
#13 139.6 npm ERR! Missing: make-dir@3.1.0 from lock file
#13 139.6 npm ERR! Missing: p-event@4.2.0 from lock file
#13 139.6 npm ERR! Missing: meow@6.1.1 from lock file
#13 139.6 npm ERR! Missing: is-nan@1.3.2 from lock file
#13 139.6 npm ERR! Missing: luxon@1.28.1 from lock file
#13 139.6 npm ERR! Missing: cross-spawn@6.0.6 from lock file
#13 139.6 npm ERR! Missing: is-windows@1.0.2 from lock file
#13 139.6 npm ERR! Missing: type-fest@0.8.1 from lock file
#13 139.6 npm ERR! Missing: cookie@0.3.1 from lock file
#13 139.6 npm ERR! Missing: cookie-signature@1.0.6 from lock file
#13 139.6 npm ERR! Missing: csrf@3.1.0 from lock file
#13 139.6 npm ERR! Missing: http-errors@1.7.3 from lock file
#13 139.6 npm ERR! Missing: rndm@1.2.0 from lock file
#13 139.6 npm ERR! Missing: tsscmp@1.0.6 from lock file
#13 139.6 npm ERR! Missing: uid-safe@2.1.5 from lock file
#13 139.6 npm ERR! Missing: debug@3.1.0 from lock file
#13 139.6 npm ERR! Missing: tslib@1.14.1 from lock file
#13 139.6 npm ERR! Missing: lodash-es@4.18.1 from lock file
#13 139.6 npm ERR! Missing: escape-html@1.0.3 from lock file
#13 139.6 npm ERR! Missing: d@1.0.2 from lock file
#13 139.6 npm ERR! Missing: es5-ext@0.10.64 from lock file
#13 139.6 npm ERR! Missing: es6-iterator@2.0.3 from lock file
#13 139.6 npm ERR! Missing: es6-symbol@3.1.4 from lock file
#13 139.6 npm ERR! Missing: type@2.7.3 from lock file
#13 139.6 npm ERR! Missing: esniff@2.0.1 from lock file
#13 139.6 npm ERR! Missing: next-tick@1.1.0 from lock file
#13 139.6 npm ERR! Missing: ext@1.7.0 from lock file
#13 139.6 npm ERR! Missing: @eslint/eslintrc@1.4.1 from lock file
#13 139.6 npm ERR! Missing: @humanwhocodes/config-array@0.11.14 from lock file
#13 139.6 npm ERR! Missing: @humanwhocodes/module-importer@1.0.1 from lock file
#13 139.6 npm ERR! Missing: ajv@6.15.0 from lock file
#13 139.6 npm ERR! Missing: doctrine@3.0.0 from lock file
#13 139.6 npm ERR! Missing: escape-string-regexp@4.0.0 from lock file
#13 139.6 npm ERR! Missing: eslint-scope@7.2.2 from lock file
#13 139.6 npm ERR! Missing: espree@9.6.1 from lock file
#13 139.6 npm ERR! Missing: esquery@1.7.0 from lock file
#13 139.6 npm ERR! Missing: esutils@2.0.3 from lock file
#13 139.6 npm ERR! Missing: file-entry-cache@6.0.1 from lock file
#13 139.6 npm ERR! Missing: find-up@5.0.0 from lock file
#13 139.6 npm ERR! Missing: glob-parent@6.0.2 from lock file
#13 139.6 npm ERR! Missing: globals@13.24.0 from lock file
#13 139.6 npm ERR! Missing: is-path-inside@3.0.3 from lock file
#13 139.6 npm ERR! Missing: js-sdsl@4.4.2 from lock file
#13 139.6 npm ERR! Missing: json-stable-stringify-without-jsonify@1.0.1 from lock file
#13 139.6 npm ERR! Missing: levn@0.4.1 from lock file
#13 139.6 npm ERR! Missing: minimatch@3.1.5 from lock file
#13 139.6 npm ERR! Missing: natural-compare@1.4.0 from lock file
#13 139.6 npm ERR! Missing: optionator@0.9.4 from lock file
#13 139.6 npm ERR! Missing: strip-json-comments@3.1.1 from lock file
#13 139.6 npm ERR! Missing: text-table@0.2.0 from lock file
#13 139.6 npm ERR! Missing: ajv@6.15.0 from lock file
#13 139.6 npm ERR! Missing: minimatch@3.1.5 from lock file
#13 139.6 npm ERR! Missing: @humanwhocodes/object-schema@2.0.3 from lock file
#13 139.6 npm ERR! Missing: minimatch@3.1.5 from lock file
#13 139.6 npm ERR! Missing: confusing-browser-globals@1.0.11 from lock file
#13 139.6 npm ERR! Missing: object.assign@4.1.7 from lock file
#13 139.6 npm ERR! Missing: object.entries@1.1.9 from lock file
#13 139.6 npm ERR! Missing: semver@6.3.1 from lock file
#13 139.6 npm ERR! Missing: chalk@2.4.2 from lock file
#13 139.6 npm ERR! Missing: coalescy@1.0.0 from lock file
#13 139.6 npm ERR! Missing: extend@3.0.2 from lock file
#13 139.6 npm ERR! Missing: strip-ansi@4.0.0 from lock file
#13 139.6 npm ERR! Missing: enhanced-resolve@5.21.0 from lock file
#13 139.6 npm ERR! Missing: get-tsconfig@4.14.0 from lock file
#13 139.6 npm ERR! Missing: globby@13.2.2 from lock file
#13 139.6 npm ERR! Missing: synckit@0.8.8 from lock file
#13 139.6 npm ERR! Missing: tapable@2.3.3 from lock file
#13 139.6 npm ERR! Missing: array-find@1.0.0 from lock file
#13 139.6 npm ERR! Missing: debug@2.6.9 from lock file
#13 139.6 npm ERR! Missing: enhanced-resolve@0.9.1 from lock file
#13 139.6 npm ERR! Missing: find-root@1.1.0 from lock file
#13 139.6 npm ERR! Missing: has@1.0.4 from lock file
#13 139.6 npm ERR! Missing: interpret@1.4.0 from lock file
#13 139.6 npm ERR! Missing: node-libs-browser@2.2.1 from lock file
#13 139.6 npm ERR! Missing: semver@5.7.2 from lock file
#13 139.6 npm ERR! Missing: loader-fs-cache@1.0.3 from lock file
#13 139.6 npm ERR! Missing: loader-utils@1.4.2 from lock file
#13 139.6 npm ERR! Missing: object-assign@4.1.1 from lock file
#13 139.6 npm ERR! Missing: object-hash@1.3.1 from lock file
#13 139.6 npm ERR! Missing: rimraf@2.7.1 from lock file
#13 139.6 npm ERR! Missing: array-includes@3.1.9 from lock file
#13 139.6 npm ERR! Missing: array.prototype.flat@1.3.3 from lock file
#13 139.6 npm ERR! Missing: array.prototype.flatmap@1.3.3 from lock file
#13 139.6 npm ERR! Missing: debug@3.2.7 from lock file
#13 139.6 npm ERR! Missing: doctrine@2.1.0 from lock file
#13 139.6 npm ERR! Missing: eslint-import-resolver-node@0.3.10 from lock file
#13 139.6 npm ERR! Missing: eslint-module-utils@2.12.1 from lock file
#13 139.6 npm ERR! Missing: minimatch@3.1.5 from lock file
#13 139.6 npm ERR! Missing: object.values@1.2.1 from lock file
#13 139.6 npm ERR! Missing: semver@6.3.1 from lock file
#13 139.6 npm ERR! Missing: tsconfig-paths@3.15.0 from lock file
#13 139.6 npm ERR! Missing: call-bind@1.0.9 from lock file
#13 139.6 npm ERR! Missing: call-bound@1.0.4 from lock file
#13 139.6 npm ERR! Missing: define-properties@1.2.1 from lock file
#13 139.6 npm ERR! Missing: es-abstract@1.24.2 from lock file
#13 139.6 npm ERR! Missing: is-string@1.1.1 from lock file
#13 139.6 npm ERR! Missing: es-shim-unscopables@1.1.0 from lock file
#13 139.6 npm ERR! Missing: set-function-length@1.2.2 from lock file
#13 139.6 npm ERR! Missing: define-data-property@1.1.4 from lock file
#13 139.6 npm ERR! Missing: has-property-descriptors@1.0.2 from lock file
#13 139.6 npm ERR! Missing: object-keys@1.1.1 from lock file
#13 139.6 npm ERR! Missing: array-buffer-byte-length@1.0.2 from lock file
#13 139.6 npm ERR! Missing: arraybuffer.prototype.slice@1.0.4 from lock file
#13 139.6 npm ERR! Missing: available-typed-arrays@1.0.7 from lock file
#13 139.6 npm ERR! Missing: data-view-buffer@1.0.2 from lock file
#13 139.6 npm ERR! Missing: data-view-byte-length@1.0.2 from lock file
#13 139.6 npm ERR! Missing: data-view-byte-offset@1.0.1 from lock file
#13 139.6 npm ERR! Missing: es-to-primitive@1.3.0 from lock file
#13 139.6 npm ERR! Missing: function.prototype.name@1.1.8 from lock file
#13 139.6 npm ERR! Missing: get-symbol-description@1.1.0 from lock file
#13 139.6 npm ERR! Missing: globalthis@1.0.4 from lock file
#13 139.6 npm ERR! Missing: has-proto@1.2.0 from lock file
#13 139.6 npm ERR! Missing: internal-slot@1.1.0 from lock file
#13 139.6 npm ERR! Missing: is-array-buffer@3.0.5 from lock file
#13 139.6 npm ERR! Missing: is-callable@1.2.7 from lock file
#13 139.6 npm ERR! Missing: is-data-view@1.0.2 from lock file
#13 139.6 npm ERR! Missing: is-negative-zero@2.0.3 from lock file
#13 139.6 npm ERR! Missing: is-regex@1.2.1 from lock file
#13 139.6 npm ERR! Missing: is-set@2.0.3 from lock file
#13 139.6 npm ERR! Missing: is-shared-array-buffer@1.0.4 from lock file
#13 139.6 npm ERR! Missing: is-typed-array@1.1.15 from lock file
#13 139.6 npm ERR! Missing: is-weakref@1.1.1 from lock file
#13 139.6 npm ERR! Missing: object-inspect@1.13.4 from lock file
#13 139.6 npm ERR! Missing: own-keys@1.0.1 from lock file
#13 139.6 npm ERR! Missing: regexp.prototype.flags@1.5.4 from lock file
#13 139.6 npm ERR! Missing: safe-array-concat@1.1.4 from lock file
#13 139.6 npm ERR! Missing: safe-push-apply@1.0.0 from lock file
#13 139.6 npm ERR! Missing: safe-regex-test@1.1.0 from lock file
#13 139.6 npm ERR! Missing: set-proto@1.0.0 from lock file
#13 139.6 npm ERR! Missing: stop-iteration-iterator@1.1.0 from lock file
#13 139.6 npm ERR! Missing: string.prototype.trim@1.2.10 from lock file
#13 139.6 npm ERR! Missing: string.prototype.trimend@1.0.9 from lock file
#13 139.6 npm ERR! Missing: string.prototype.trimstart@1.0.8 from lock file
#13 139.6 npm ERR! Missing: typed-array-buffer@1.0.3 from lock file
#13 139.6 npm ERR! Missing: typed-array-byte-length@1.0.3 from lock file
#13 139.6 npm ERR! Missing: typed-array-byte-offset@1.0.4 from lock file
#13 139.6 npm ERR! Missing: typed-array-length@1.0.7 from lock file
#13 139.6 npm ERR! Missing: unbox-primitive@1.1.0 from lock file
#13 139.6 npm ERR! Missing: which-typed-array@1.1.20 from lock file
#13 139.6 npm ERR! Missing: possible-typed-array-names@1.1.0 from lock file
#13 139.6 npm ERR! Missing: is-date-object@1.1.0 from lock file
#13 139.6 npm ERR! Missing: is-symbol@1.1.1 from lock file
#13 139.6 npm ERR! Missing: debug@3.2.7 from lock file
#13 139.6 npm ERR! Missing: resolve@2.0.0-next.6 from lock file
#13 139.6 npm ERR! Missing: debug@3.2.7 from lock file
#13 139.6 npm ERR! Missing: esrecurse@4.3.0 from lock file
#13 139.6 npm ERR! Missing: estraverse@4.3.0 from lock file
#13 139.6 npm ERR! Missing: eslint-visitor-keys@2.1.0 from lock file
#13 139.6 npm ERR! Missing: event-emitter@0.3.5 from lock file
#13 139.6 npm ERR! Missing: acorn-jsx@5.3.2 from lock file
#13 139.6 npm ERR! Missing: estraverse@5.3.0 from lock file
#13 139.6 npm ERR! Missing: estraverse@5.3.0 from lock file
#13 139.6 npm ERR! Missing: fs@0.0.2 from lock file
#13 139.6 npm ERR! Missing: path@0.11.14 from lock file
#13 139.6 npm ERR! Missing: array-flatten@1.1.1 from lock file
#13 139.6 npm ERR! Missing: body-parser@1.19.0 from lock file
#13 139.6 npm ERR! Missing: content-disposition@0.5.3 from lock file
#13 139.6 npm ERR! Missing: cookie@0.4.0 from lock file
#13 139.6 npm ERR! Missing: debug@2.6.9 from lock file
#13 139.6 npm ERR! Missing: depd@1.1.2 from lock file
#13 139.6 npm ERR! Missing: encodeurl@1.0.2 from lock file
#13 139.6 npm ERR! Missing: etag@1.8.1 from lock file
#13 139.6 npm ERR! Missing: finalhandler@1.1.2 from lock file
#13 139.6 npm ERR! Missing: fresh@0.5.2 from lock file
#13 139.6 npm ERR! Missing: merge-descriptors@1.0.1 from lock file
#13 139.6 npm ERR! Missing: on-finished@2.3.0 from lock file
#13 139.6 npm ERR! Missing: parseurl@1.3.3 from lock file
#13 139.6 npm ERR! Missing: path-to-regexp@0.1.7 from lock file
#13 139.6 npm ERR! Missing: proxy-addr@2.0.7 from lock file
#13 139.6 npm ERR! Missing: qs@6.7.0 from lock file
#13 139.6 npm ERR! Missing: range-parser@1.2.1 from lock file
#13 139.6 npm ERR! Missing: safe-buffer@5.1.2 from lock file
#13 139.6 npm ERR! Missing: send@0.17.1 from lock file
#13 139.6 npm ERR! Missing: serve-static@1.14.1 from lock file
#13 139.6 npm ERR! Missing: setprototypeof@1.1.1 from lock file
#13 139.6 npm ERR! Missing: statuses@1.5.0 from lock file
#13 139.6 npm ERR! Missing: utils-merge@1.0.1 from lock file
#13 139.6 npm ERR! Missing: safe-buffer@5.1.2 from lock file
#13 139.6 npm ERR! Missing: basic-auth@2.0.1 from lock file
#13 139.6 npm ERR! Missing: safe-buffer@5.1.2 from lock file
#13 139.6 npm ERR! Missing: boom@7.3.0 from lock file
#13 139.6 npm ERR! Missing: hoek@6.1.3 from lock file
#13 139.6 npm ERR! Missing: busboy@0.3.1 from lock file
#13 139.6 npm ERR! Missing: dicer@0.3.0 from lock file
#13 139.6 npm ERR! Missing: streamsearch@0.1.2 from lock file
#13 139.6 npm ERR! Missing: oauth2-server@3.0.0 from lock file
#13 139.6 npm ERR! Missing: validator@13.15.35 from lock file
#13 139.6 npm ERR! Missing: flat-cache@3.2.0 from lock file
#13 139.6 npm ERR! Missing: debug@2.6.9 from lock file
#13 139.6 npm ERR! Missing: on-finished@2.3.0 from lock file
#13 139.6 npm ERR! Missing: commondir@1.0.1 from lock file
#13 139.6 npm ERR! Missing: make-dir@3.1.0 from lock file
#13 139.6 npm ERR! Missing: flatted@3.4.2 from lock file
#13 139.6 npm ERR! Missing: keyv@4.5.4 from lock file
#13 139.6 npm ERR! Missing: functions-have-names@1.2.3 from lock file
#13 139.6 npm ERR! Missing: resolve-pkg-maps@1.0.0 from lock file
#13 139.6 npm ERR! Missing: type-fest@0.20.2 from lock file
#13 139.6 npm ERR! Missing: glob-watcher@5.0.5 from lock file
#13 139.6 npm ERR! Missing: gulp-cli@2.3.0 from lock file
#13 139.6 npm ERR! Missing: undertaker@1.3.0 from lock file
#13 139.6 npm ERR! Missing: vinyl-fs@3.0.3 from lock file
#13 139.6 npm ERR! Missing: anymatch@2.0.0 from lock file
#13 139.6 npm ERR! Missing: async-done@1.3.2 from lock file
#13 139.6 npm ERR! Missing: chokidar@2.1.8 from lock file
#13 139.6 npm ERR! Missing: is-negated-glob@1.0.0 from lock file
#13 139.6 npm ERR! Missing: just-debounce@1.1.0 from lock file
#13 139.6 npm ERR! Missing: normalize-path@3.0.0 from lock file
#13 139.6 npm ERR! Missing: object.defaults@1.1.0 from lock file
#13 139.6 npm ERR! Missing: micromatch@3.1.10 from lock file
#13 139.6 npm ERR! Missing: normalize-path@2.1.1 from lock file
#13 139.6 npm ERR! Missing: stream-exhaust@1.0.2 from lock file
#13 139.6 npm ERR! Missing: async-each@1.0.6 from lock file
#13 139.6 npm ERR! Missing: braces@2.3.2 from lock file
#13 139.6 npm ERR! Missing: fsevents@1.2.13 from lock file
#13 139.6 npm ERR! Missing: glob-parent@3.1.0 from lock file
#13 139.6 npm ERR! Missing: is-binary-path@1.0.1 from lock file
#13 139.6 npm ERR! Missing: readdirp@2.2.1 from lock file
#13 139.6 npm ERR! Missing: upath@1.2.0 from lock file
#13 139.6 npm ERR! Missing: ansi-colors@1.1.0 from lock file
#13 139.6 npm ERR! Missing: archy@1.0.0 from lock file
#13 139.6 npm ERR! Missing: array-sort@1.0.0 from lock file
#13 139.6 npm ERR! Missing: concat-stream@1.6.2 from lock file
#13 139.6 npm ERR! Missing: copy-props@2.0.5 from lock file
#13 139.6 npm ERR! Missing: fancy-log@1.3.3 from lock file
#13 139.6 npm ERR! Missing: gulplog@1.0.0 from lock file
#13 139.6 npm ERR! Missing: liftoff@3.1.0 from lock file
#13 139.6 npm ERR! Missing: matchdep@2.0.0 from lock file
#13 139.6 npm ERR! Missing: mute-stdout@1.0.1 from lock file
#13 139.6 npm ERR! Missing: pretty-hrtime@1.0.3 from lock file
#13 139.6 npm ERR! Missing: replace-homedir@1.0.0 from lock file
#13 139.6 npm ERR! Missing: semver-greatest-satisfied-range@1.1.0 from lock file
#13 139.6 npm ERR! Missing: v8flags@3.2.0 from lock file
#13 139.6 npm ERR! Missing: yargs@7.1.2 from lock file
#13 139.6 npm ERR! Missing: default-compare@1.0.0 from lock file
#13 139.6 npm ERR! Missing: get-value@2.0.6 from lock file
#13 139.6 npm ERR! Missing: kind-of@5.1.0 from lock file
#13 139.6 npm ERR! Missing: each-props@1.3.2 from lock file
#13 139.6 npm ERR! Missing: is-plain-object@5.0.0 from lock file
#13 139.6 npm ERR! Missing: kind-of@5.1.0 from lock file
#13 139.6 npm ERR! Missing: ansi-gray@0.1.1 from lock file
#13 139.6 npm ERR! Missing: parse-node-version@1.0.1 from lock file
#13 139.6 npm ERR! Missing: time-stamp@1.1.0 from lock file
#13 139.6 npm ERR! Missing: ansi-wrap@0.1.0 from lock file
#13 139.6 npm ERR! Missing: plugin-error@1.0.1 from lock file
#13 139.6 npm ERR! Missing: postcss-load-config@2.1.2 from lock file
#13 139.6 npm ERR! Missing: vinyl-sourcemaps-apply@0.2.1 from lock file
#13 139.6 npm ERR! Missing: replace-ext@2.0.0 from lock file
#13 139.6 npm ERR! Missing: transfob@1.0.0 from lock file
#13 139.6 npm ERR! Missing: glogg@1.0.2 from lock file
#13 139.6 npm ERR! Missing: sparkles@1.0.1 from lock file
#13 139.6 npm ERR! Missing: is-glob@3.1.0 from lock file
#13 139.6 npm ERR! Missing: dns-prefetch-control@0.2.0 from lock file
#13 139.6 npm ERR! Missing: dont-sniff-mimetype@1.1.0 from lock file
#13 139.6 npm ERR! Missing: expect-ct@0.2.0 from lock file
#13 139.6 npm ERR! Missing: feature-policy@0.3.0 from lock file
#13 139.6 npm ERR! Missing: frameguard@3.1.0 from lock file
#13 139.6 npm ERR! Missing: helmet-crossdomain@0.4.0 from lock file
#13 139.6 npm ERR! Missing: helmet-csp@2.9.1 from lock file
#13 139.6 npm ERR! Missing: hide-powered-by@1.1.0 from lock file
#13 139.6 npm ERR! Missing: hpkp@2.0.0 from lock file
#13 139.6 npm ERR! Missing: hsts@2.2.0 from lock file
#13 139.6 npm ERR! Missing: ienoopen@1.1.0 from lock file
#13 139.6 npm ERR! Missing: nocache@2.1.0 from lock file
#13 139.6 npm ERR! Missing: referrer-policy@1.2.0 from lock file
#13 139.6 npm ERR! Missing: x-xss-protection@1.3.0 from lock file
#13 139.6 npm ERR! Missing: bowser@2.5.4 from lock file
#13 139.6 npm ERR! Missing: camelize@1.0.0 from lock file
#13 139.6 npm ERR! Missing: content-security-policy-builder@2.1.0 from lock file
#13 139.6 npm ERR! Missing: dasherize@2.0.0 from lock file
#13 139.6 npm ERR! Missing: setprototypeof@1.2.0 from lock file
#13 139.6 npm ERR! Missing: statuses@2.0.2 from lock file
#13 139.6 npm ERR! Missing: toidentifier@1.0.1 from lock file
#13 139.6 npm ERR! Missing: numbered@1.1.0 from lock file
#13 139.6 npm ERR! Missing: make-plural@6.2.2 from lock file
#13 139.6 npm ERR! Missing: math-interval-parser@2.0.1 from lock file
#13 139.6 npm ERR! Missing: messageformat@2.3.0 from lock file
#13 139.6 npm ERR! Missing: mustache@4.2.0 from lock file
#13 139.6 npm ERR! Missing: sprintf-js@1.1.3 from lock file
#13 139.6 npm ERR! Missing: side-channel@1.1.0 from lock file
#13 139.6 npm ERR! Missing: binary-extensions@1.13.1 from lock file
#13 139.6 npm ERR! Missing: ip-regex@2.1.0 from lock file
#13 139.6 npm ERR! Missing: generate-function@2.3.1 from lock file
#13 139.6 npm ERR! Missing: generate-object-property@1.2.0 from lock file
#13 139.6 npm ERR! Missing: is-my-ip-valid@1.0.1 from lock file
#13 139.6 npm ERR! Missing: jsonpointer@4.1.0 from lock file
#13 139.6 npm ERR! Missing: is-property@1.0.2 from lock file
#13 139.6 npm ERR! Missing: jws@3.2.3 from lock file
#13 139.6 npm ERR! Missing: lodash.includes@4.3.0 from lock file
#13 139.7 npm ERR! Missing: lodash.isboolean@3.0.3 from lock file
#13 139.7 npm ERR! Missing: lodash.isinteger@4.0.4 from lock file
#13 139.7 npm ERR! Missing: lodash.isnumber@3.0.3 from lock file
#13 139.7 npm ERR! Missing: lodash.isstring@4.0.1 from lock file
#13 139.7 npm ERR! Missing: lodash.once@4.1.1 from lock file
#13 139.7 npm ERR! Missing: semver@5.7.2 from lock file
#13 139.7 npm ERR! Missing: jwa@1.4.2 from lock file
#13 139.7 npm ERR! Missing: buffer-equal-constant-time@1.0.1 from lock file
#13 139.7 npm ERR! Missing: ecdsa-sig-formatter@1.0.11 from lock file
#13 139.7 npm ERR! Missing: json-buffer@3.0.1 from lock file
#13 139.7 npm ERR! Missing: colorette@2.0.16 from lock file
#13 139.7 npm ERR! Missing: commander@7.2.0 from lock file
#13 139.7 npm ERR! Missing: debug@4.3.2 from lock file
#13 139.7 npm ERR! Missing: interpret@2.2.0 from lock file
#13 139.7 npm ERR! Missing: pg-connection-string@2.5.0 from lock file
#13 139.7 npm ERR! Missing: rechoir@0.7.0 from lock file
#13 139.7 npm ERR! Missing: tarn@3.0.2 from lock file
#13 139.7 npm ERR! Missing: tildify@2.0.0 from lock file
#13 139.7 npm ERR! Missing: bluebird@2.11.0 from lock file
#13 139.7 npm ERR! Missing: glob@7.2.3 from lock file
#13 139.7 npm ERR! Missing: prelude-ls@1.2.1 from lock file
#13 139.7 npm ERR! Missing: type-check@0.4.0 from lock file
#13 139.7 npm ERR! Missing: findup-sync@3.0.0 from lock file
#13 139.7 npm ERR! Missing: fined@1.2.0 from lock file
#13 139.7 npm ERR! Missing: flagged-respawn@1.0.1 from lock file
#13 139.7 npm ERR! Missing: object.map@1.0.1 from lock file
#13 139.7 npm ERR! Missing: rechoir@0.6.2 from lock file
#13 139.7 npm ERR! Missing: detect-file@1.0.0 from lock file
#13 139.7 npm ERR! Missing: micromatch@3.1.10 from lock file
#13 139.7 npm ERR! Missing: resolve-dir@1.0.1 from lock file
#13 139.7 npm ERR! Missing: expand-tilde@2.0.2 from lock file
#13 139.7 npm ERR! Missing: object.pick@1.3.0 from lock file
#13 139.7 npm ERR! Missing: parse-filepath@1.0.2 from lock file
#13 139.7 npm ERR! Missing: homedir-polyfill@1.0.3 from lock file
#13 139.7 npm ERR! Missing: parse-passwd@1.0.0 from lock file
#13 139.7 npm ERR! Missing: find-cache-dir@0.1.1 from lock file
#13 139.7 npm ERR! Missing: mkdirp@0.5.6 from lock file
#13 139.7 npm ERR! Missing: big.js@5.2.2 from lock file
#13 139.7 npm ERR! Missing: emojis-list@3.0.0 from lock file
#13 139.7 npm ERR! Missing: json5@1.0.2 from lock file
#13 139.7 npm ERR! Missing: findup-sync@2.0.0 from lock file
#13 139.7 npm ERR! Missing: micromatch@3.1.10 from lock file
#13 139.7 npm ERR! Missing: stack-trace@0.0.10 from lock file
#13 139.7 npm ERR! Missing: @babel/runtime@7.29.2 from lock file
#13 139.7 npm ERR! Missing: complex.js@2.4.3 from lock file
#13 139.7 npm ERR! Missing: escape-latex@1.2.0 from lock file
#13 139.7 npm ERR! Missing: fraction.js@4.3.7 from lock file
#13 139.7 npm ERR! Missing: javascript-natural-sort@0.7.1 from lock file
#13 139.7 npm ERR! Missing: seedrandom@3.0.5 from lock file
#13 139.7 npm ERR! Missing: tiny-emitter@2.1.0 from lock file
#13 139.7 npm ERR! Missing: typed-function@2.1.0 from lock file
#13 139.7 npm ERR! Missing: make-plural@4.3.0 from lock file
#13 139.7 npm ERR! Missing: messageformat-formatters@2.0.1 from lock file
#13 139.7 npm ERR! Missing: messageformat-parser@4.1.3 from lock file
#13 139.7 npm ERR! Missing: browser-stdout@1.3.1 from lock file
#13 139.7 npm ERR! Missing: commander@2.15.1 from lock file
#13 139.7 npm ERR! Missing: debug@3.1.0 from lock file
#13 139.7 npm ERR! Missing: diff@3.5.0 from lock file
#13 139.7 npm ERR! Missing: glob@7.1.2 from lock file
#13 139.7 npm ERR! Missing: growl@1.10.5 from lock file
#13 139.7 npm ERR! Missing: he@1.1.1 from lock file
#13 139.7 npm ERR! Missing: minimatch@3.0.4 from lock file
#13 139.7 npm ERR! Missing: mkdirp@0.5.1 from lock file
#13 139.7 npm ERR! Missing: supports-color@5.4.0 from lock file
#13 139.7 npm ERR! Missing: moment@2.30.1 from lock file
#13 139.7 npm ERR! Missing: @aws-sdk/credential-providers@3.1043.0 from lock file
#13 139.7 npm ERR! Missing: @mongodb-js/saslprep@1.4.11 from lock file
#13 139.7 npm ERR! Missing: bson@4.7.2 from lock file
#13 139.7 npm ERR! Missing: mongodb-connection-string-url@2.6.0 from lock file
#13 139.7 npm ERR! Missing: @aws-sdk/client-cognito-identity@3.1043.0 from lock file
#13 139.7 npm ERR! Missing: @aws-sdk/core@3.974.8 from lock file
#13 139.7 npm ERR! Missing: @aws-sdk/credential-provider-cognito-identity@3.972.31 from lock file
#13 139.7 npm ERR! Missing: @aws-sdk/credential-provider-env@3.972.34 from lock file
#13 139.7 npm ERR! Missing: @aws-sdk/credential-provider-http@3.972.36 from lock file
#13 139.7 npm ERR! Missing: @aws-sdk/credential-provider-ini@3.972.38 from lock file
#13 139.7 npm ERR! Missing: @aws-sdk/credential-provider-login@3.972.38 from lock file
#13 139.7 npm ERR! Missing: @aws-sdk/credential-provider-node@3.972.39 from lock file
#13 139.7 npm ERR! Missing: @aws-sdk/credential-provider-process@3.972.34 from lock file
#13 139.7 npm ERR! Missing: @aws-sdk/credential-provider-sso@3.972.38 from lock file
#13 139.7 npm ERR! Missing: @aws-sdk/credential-provider-web-identity@3.972.38 from lock file
#13 139.7 npm ERR! Missing: @aws-sdk/nested-clients@3.997.6 from lock file
#13 139.7 npm ERR! Missing: @aws-sdk/types@3.973.8 from lock file
#13 139.7 npm ERR! Missing: @smithy/config-resolver@4.4.17 from lock file
#13 139.7 npm ERR! Missing: @smithy/core@3.23.17 from lock file
#13 139.7 npm ERR! Missing: @smithy/credential-provider-imds@4.2.14 from lock file
#13 139.7 npm ERR! Missing: @smithy/node-config-provider@4.3.14 from lock file
#13 139.7 npm ERR! Missing: @smithy/property-provider@4.2.14 from lock file
#13 139.7 npm ERR! Missing: @smithy/types@4.14.1 from lock file
#13 139.7 npm ERR! Missing: @aws-crypto/sha256-browser@5.2.0 from lock file
#13 139.7 npm ERR! Missing: @aws-crypto/sha256-js@5.2.0 from lock file
#13 139.7 npm ERR! Missing: @aws-sdk/middleware-host-header@3.972.10 from lock file
#13 139.7 npm ERR! Missing: @aws-sdk/middleware-logger@3.972.10 from lock file
#13 139.7 npm ERR! Missing: @aws-sdk/middleware-recursion-detection@3.972.11 from lock file
#13 139.7 npm ERR! Missing: @aws-sdk/middleware-user-agent@3.972.38 from lock file
#13 139.7 npm ERR! Missing: @aws-sdk/region-config-resolver@3.972.13 from lock file
#13 139.7 npm ERR! Missing: @aws-sdk/util-endpoints@3.996.8 from lock file
#13 139.7 npm ERR! Missing: @aws-sdk/util-user-agent-browser@3.972.10 from lock file
#13 139.7 npm ERR! Missing: @aws-sdk/util-user-agent-node@3.973.24 from lock file
#13 139.7 npm ERR! Missing: @smithy/fetch-http-handler@5.3.17 from lock file
#13 139.7 npm ERR! Missing: @smithy/hash-node@4.2.14 from lock file
#13 139.7 npm ERR! Missing: @smithy/invalid-dependency@4.2.14 from lock file
#13 139.7 npm ERR! Missing: @smithy/middleware-content-length@4.2.14 from lock file
#13 139.7 npm ERR! Missing: @smithy/middleware-endpoint@4.4.32 from lock file
#13 139.7 npm ERR! Missing: @smithy/middleware-retry@4.5.7 from lock file
#13 139.7 npm ERR! Missing: @smithy/middleware-serde@4.2.20 from lock file
#13 139.7 npm ERR! Missing: @smithy/middleware-stack@4.2.14 from lock file
#13 139.7 npm ERR! Missing: @smithy/node-http-handler@4.6.1 from lock file
#13 139.7 npm ERR! Missing: @smithy/protocol-http@5.3.14 from lock file
#13 139.7 npm ERR! Missing: @smithy/smithy-client@4.12.13 from lock file
#13 139.7 npm ERR! Missing: @smithy/url-parser@4.2.14 from lock file
#13 139.7 npm ERR! Missing: @smithy/util-base64@4.3.2 from lock file
#13 139.7 npm ERR! Missing: @smithy/util-body-length-browser@4.2.2 from lock file
#13 139.7 npm ERR! Missing: @smithy/util-body-length-node@4.2.3 from lock file
#13 139.7 npm ERR! Missing: @smithy/util-defaults-mode-browser@4.3.49 from lock file
#13 139.7 npm ERR! Missing: @smithy/util-defaults-mode-node@4.2.54 from lock file
#13 139.7 npm ERR! Missing: @smithy/util-endpoints@3.4.2 from lock file
#13 139.7 npm ERR! Missing: @smithy/util-middleware@4.2.14 from lock file
#13 139.7 npm ERR! Missing: @smithy/util-retry@4.3.8 from lock file
#13 139.7 npm ERR! Missing: @smithy/util-utf8@4.2.2 from lock file
#13 139.7 npm ERR! Missing: @aws-crypto/supports-web-crypto@5.2.0 from lock file
#13 139.7 npm ERR! Missing: @aws-crypto/util@5.2.0 from lock file
#13 139.7 npm ERR! Missing: @aws-sdk/util-locate-window@3.965.5 from lock file
#13 139.7 npm ERR! Missing: @smithy/util-utf8@2.3.0 from lock file
#13 139.7 npm ERR! Missing: @smithy/util-utf8@2.3.0 from lock file
#13 139.7 npm ERR! Missing: @aws-sdk/xml-builder@3.972.22 from lock file
#13 139.7 npm ERR! Missing: @smithy/signature-v4@5.3.14 from lock file
#13 139.7 npm ERR! Missing: @smithy/util-stream@4.5.25 from lock file
#13 139.7 npm ERR! Missing: @smithy/shared-ini-file-loader@4.4.9 from lock file
#13 139.7 npm ERR! Missing: @aws-sdk/token-providers@3.1041.0 from lock file
#13 139.7 npm ERR! Missing: @aws/lambda-invoke-store@0.2.4 from lock file
#13 139.7 npm ERR! Missing: @aws-sdk/signature-v4-multi-region@3.996.25 from lock file
#13 139.7 npm ERR! Missing: @aws-sdk/middleware-sdk-s3@3.972.37 from lock file
#13 139.7 npm ERR! Missing: @aws-sdk/util-arn-parser@3.972.3 from lock file
#13 139.7 npm ERR! Missing: @smithy/util-config-provider@4.2.2 from lock file
#13 139.7 npm ERR! Missing: bowser@2.14.1 from lock file
#13 139.7 npm ERR! Missing: @nodable/entities@2.1.0 from lock file
#13 139.7 npm ERR! Missing: fast-xml-parser@5.7.2 from lock file
#13 139.7 npm ERR! Missing: sparse-bitfield@3.0.3 from lock file
#13 139.7 npm ERR! Missing: @smithy/uuid@1.1.2 from lock file
#13 139.7 npm ERR! Missing: @smithy/querystring-builder@4.2.14 from lock file
#13 139.7 npm ERR! Missing: @smithy/util-buffer-from@4.2.2 from lock file
#13 139.7 npm ERR! Missing: @smithy/service-error-classification@4.3.1 from lock file
#13 139.7 npm ERR! Missing: @smithy/util-uri-escape@4.2.2 from lock file
#13 139.7 npm ERR! Missing: @smithy/is-array-buffer@4.2.2 from lock file
#13 139.7 npm ERR! Missing: @smithy/util-hex-encoding@4.2.2 from lock file
#13 139.7 npm ERR! Missing: @smithy/querystring-parser@4.2.14 from lock file
#13 139.7 npm ERR! Missing: fast-xml-builder@1.1.8 from lock file
#13 139.7 npm ERR! Missing: path-expression-matcher@1.5.0 from lock file
#13 139.7 npm ERR! Missing: strnum@2.2.3 from lock file
#13 139.7 npm ERR! Missing: @types/whatwg-url@8.2.2 from lock file
#13 139.7 npm ERR! Missing: whatwg-url@11.0.0 from lock file
#13 139.7 npm ERR! Missing: @types/webidl-conversions@7.0.3 from lock file
#13 139.7 npm ERR! Missing: bson@1.1.6 from lock file
#13 139.7 npm ERR! Missing: kareem@2.3.1 from lock file
#13 139.7 npm ERR! Missing: mongodb@3.6.0 from lock file
#13 139.7 npm ERR! Missing: mongoose-legacy-pluralize@1.0.2 from lock file
#13 139.7 npm ERR! Missing: mpath@0.7.0 from lock file
#13 139.7 npm ERR! Missing: mquery@3.2.2 from lock file
#13 139.7 npm ERR! Missing: ms@2.1.2 from lock file
#13 139.7 npm ERR! Missing: regexp-clone@1.0.0 from lock file
#13 139.7 npm ERR! Missing: sift@7.0.1 from lock file
#13 139.7 npm ERR! Missing: sliced@1.0.1 from lock file
#13 139.7 npm ERR! Missing: bluebird@3.5.1 from lock file
#13 139.7 npm ERR! Missing: debug@3.1.0 from lock file
#13 139.7 npm ERR! Missing: safe-buffer@5.1.2 from lock file
#13 139.7 npm ERR! Missing: bignumber.js@7.2.1 from lock file
#13 139.7 npm ERR! Missing: readable-stream@2.3.6 from lock file
#13 139.7 npm ERR! Missing: safe-buffer@5.1.2 from lock file
#13 139.7 npm ERR! Missing: sqlstring@2.3.1 from lock file
#13 139.7 npm ERR! Missing: denque@1.5.1 from lock file
#13 139.7 npm ERR! Missing: iconv-lite@0.4.24 from lock file
#13 139.7 npm ERR! Missing: long@4.0.0 from lock file
#13 139.7 npm ERR! Missing: lru-cache@4.1.5 from lock file
#13 139.7 npm ERR! Missing: named-placeholders@1.1.6 from lock file
#13 139.7 npm ERR! Missing: seq-queue@0.0.5 from lock file
#13 139.7 npm ERR! Missing: lru.min@1.1.4 from lock file
#13 139.7 npm ERR! Missing: clone@2.1.2 from lock file
#13 139.7 npm ERR! Missing: assert@1.5.1 from lock file
#13 139.7 npm ERR! Missing: browserify-zlib@0.2.0 from lock file
#13 139.7 npm ERR! Missing: buffer@4.9.2 from lock file
#13 139.7 npm ERR! Missing: console-browserify@1.2.0 from lock file
#13 139.7 npm ERR! Missing: constants-browserify@1.0.0 from lock file
#13 139.7 npm ERR! Missing: crypto-browserify@3.12.1 from lock file
#13 139.7 npm ERR! Missing: domain-browser@1.2.0 from lock file
#13 139.7 npm ERR! Missing: events@3.3.0 from lock file
#13 139.7 npm ERR! Missing: https-browserify@1.0.0 from lock file
#13 139.7 npm ERR! Missing: os-browserify@0.3.0 from lock file
#13 139.7 npm ERR! Missing: path-browserify@0.0.1 from lock file
#13 139.7 npm ERR! Missing: process@0.11.10 from lock file
#13 139.7 npm ERR! Missing: punycode@1.4.1 from lock file
#13 139.7 npm ERR! Missing: querystring-es3@0.2.1 from lock file
#13 139.7 npm ERR! Missing: readable-stream@2.3.8 from lock file
#13 139.7 npm ERR! Missing: stream-browserify@2.0.2 from lock file
#13 139.7 npm ERR! Missing: stream-http@2.8.3 from lock file
#13 139.7 npm ERR! Missing: timers-browserify@2.0.12 from lock file
#13 139.7 npm ERR! Missing: tty-browserify@0.0.0 from lock file
#13 139.7 npm ERR! Missing: url@0.11.4 from lock file
#13 139.7 npm ERR! Missing: util@0.11.1 from lock file
#13 139.7 npm ERR! Missing: vm-browserify@1.1.2 from lock file
#13 139.7 npm ERR! Missing: util@0.10.4 from lock file
#13 139.7 npm ERR! Missing: pako@1.0.11 from lock file
#13 139.7 npm ERR! Missing: browserify-cipher@1.0.1 from lock file
#13 139.7 npm ERR! Missing: browserify-sign@4.2.5 from lock file
#13 139.7 npm ERR! Missing: create-ecdh@4.0.4 from lock file
#13 139.7 npm ERR! Missing: create-hash@1.2.0 from lock file
#13 139.7 npm ERR! Missing: create-hmac@1.1.7 from lock file
#13 139.7 npm ERR! Missing: diffie-hellman@5.0.3 from lock file
#13 139.7 npm ERR! Missing: hash-base@3.0.5 from lock file
#13 139.7 npm ERR! Missing: pbkdf2@3.1.5 from lock file
#13 139.7 npm ERR! Missing: public-encrypt@4.0.3 from lock file
#13 139.7 npm ERR! Missing: randombytes@2.1.0 from lock file
#13 139.7 npm ERR! Missing: randomfill@1.0.4 from lock file
#13 139.7 npm ERR! Missing: browserify-aes@1.2.0 from lock file
#13 139.7 npm ERR! Missing: browserify-des@1.0.2 from lock file
#13 139.7 npm ERR! Missing: evp_bytestokey@1.0.3 from lock file
#13 139.7 npm ERR! Missing: buffer-xor@1.0.3 from lock file
#13 139.7 npm ERR! Missing: cipher-base@1.0.7 from lock file
#13 139.7 npm ERR! Missing: des.js@1.1.0 from lock file
#13 139.7 npm ERR! Missing: bn.js@5.2.3 from lock file
#13 139.7 npm ERR! Missing: browserify-rsa@4.1.1 from lock file
#13 139.7 npm ERR! Missing: elliptic@6.6.1 from lock file
#13 139.7 npm ERR! Missing: parse-asn1@5.1.9 from lock file
#13 139.7 npm ERR! Missing: readable-stream@2.3.8 from lock file
#13 139.7 npm ERR! Missing: to-buffer@1.2.2 from lock file
#13 139.7 npm ERR! Missing: bn.js@4.12.3 from lock file
#13 139.7 npm ERR! Missing: md5.js@1.3.5 from lock file
#13 139.7 npm ERR! Missing: ripemd160@2.0.3 from lock file
#13 139.7 npm ERR! Missing: sha.js@2.4.12 from lock file
#13 139.7 npm ERR! Missing: minimalistic-assert@1.0.1 from lock file
#13 139.7 npm ERR! Missing: bn.js@4.12.3 from lock file
#13 139.7 npm ERR! Missing: miller-rabin@4.0.1 from lock file
#13 139.7 npm ERR! Missing: bn.js@4.12.3 from lock file
#13 139.7 npm ERR! Missing: brorand@1.1.0 from lock file
#13 139.7 npm ERR! Missing: hash.js@1.1.7 from lock file
#13 139.7 npm ERR! Missing: hmac-drbg@1.0.1 from lock file
#13 139.7 npm ERR! Missing: minimalistic-crypto-utils@1.0.1 from lock file
#13 139.7 npm ERR! Missing: bn.js@4.12.3 from lock file
#13 139.7 npm ERR! Missing: debug@3.2.7 from lock file
#13 139.7 npm ERR! Missing: ignore-by-default@1.0.1 from lock file
#13 139.7 npm ERR! Missing: minimatch@3.1.5 from lock file
#13 139.7 npm ERR! Missing: pstree.remy@1.1.8 from lock file
#13 139.7 npm ERR! Missing: semver@5.7.2 from lock file
#13 139.7 npm ERR! Missing: supports-color@5.5.0 from lock file
#13 139.7 npm ERR! Missing: touch@3.1.1 from lock file
#13 139.7 npm ERR! Missing: undefsafe@2.0.5 from lock file
#13 139.7 npm ERR! Missing: update-notifier@2.5.0 from lock file
#13 139.7 npm ERR! Missing: ansi-styles@3.2.1 from lock file
#13 139.7 npm ERR! Missing: chalk@2.4.2 from lock file
#13 139.7 npm ERR! Missing: cross-spawn@6.0.6 from lock file
#13 139.7 npm ERR! Missing: memorystream@0.3.1 from lock file
#13 139.7 npm ERR! Missing: minimatch@3.1.5 from lock file
#13 139.7 npm ERR! Missing: pidtree@0.3.1 from lock file
#13 139.7 npm ERR! Missing: read-pkg@3.0.0 from lock file
#13 139.7 npm ERR! Missing: shell-quote@1.8.3 from lock file
#13 139.7 npm ERR! Missing: string.prototype.padend@3.1.6 from lock file
#13 139.7 npm ERR! Missing: caching-transform@3.0.2 from lock file
#13 139.7 npm ERR! Missing: convert-source-map@1.9.0 from lock file
#13 139.7 npm ERR! Missing: cp-file@6.2.0 from lock file
#13 139.7 npm ERR! Missing: find-cache-dir@2.1.0 from lock file
#13 139.7 npm ERR! Missing: find-up@3.0.0 from lock file
#13 139.7 npm ERR! Missing: foreground-child@1.5.6 from lock file
#13 139.7 npm ERR! Missing: glob@7.2.3 from lock file
#13 139.7 npm ERR! Missing: istanbul-lib-coverage@2.0.5 from lock file
#13 139.7 npm ERR! Missing: istanbul-lib-hook@2.0.7 from lock file
#13 139.7 npm ERR! Missing: istanbul-lib-instrument@3.3.0 from lock file
#13 139.7 npm ERR! Missing: istanbul-lib-report@2.0.8 from lock file
#13 139.7 npm ERR! Missing: istanbul-lib-source-maps@3.0.6 from lock file
#13 139.7 npm ERR! Missing: istanbul-reports@2.2.7 from lock file
#13 139.7 npm ERR! Missing: js-yaml@3.14.2 from lock file
#13 139.7 npm ERR! Missing: merge-source-map@1.1.0 from lock file
#13 139.7 npm ERR! Missing: resolve-from@4.0.0 from lock file
#13 139.7 npm ERR! Missing: rimraf@2.7.1 from lock file
#13 139.7 npm ERR! Missing: spawn-wrap@1.4.3 from lock file
#13 139.7 npm ERR! Missing: test-exclude@5.2.3 from lock file
#13 139.7 npm ERR! Missing: uuid@3.4.0 from lock file
#13 139.7 npm ERR! Missing: yargs@13.3.2 from lock file
#13 139.7 npm ERR! Missing: yargs-parser@13.1.2 from lock file
#13 139.7 npm ERR! Missing: hasha@3.0.0 from lock file
#13 139.7 npm ERR! Missing: package-hash@3.0.0 from lock file
#13 139.7 npm ERR! Missing: cross-spawn@4.0.2 from lock file
#13 139.7 npm ERR! Missing: is-stream@1.1.0 from lock file
#13 139.7 npm ERR! Missing: append-transform@1.0.0 from lock file
#13 139.7 npm ERR! Missing: default-require-extensions@2.0.0 from lock file
#13 139.7 npm ERR! Missing: strip-bom@3.0.0 from lock file
#13 139.7 npm ERR! Missing: @babel/generator@7.29.1 from lock file
#13 139.7 npm ERR! Missing: @babel/parser@7.29.3 from lock file
#13 139.7 npm ERR! Missing: @babel/template@7.28.6 from lock file
#13 139.7 npm ERR! Missing: @babel/traverse@7.29.0 from lock file
#13 139.7 npm ERR! Missing: @babel/types@7.29.0 from lock file
#13 139.7 npm ERR! Missing: semver@6.3.1 from lock file
#13 139.7 npm ERR! Missing: @jridgewell/gen-mapping@0.3.13 from lock file
#13 139.7 npm ERR! Missing: @jridgewell/trace-mapping@0.3.31 from lock file
#13 139.7 npm ERR! Missing: jsesc@3.1.0 from lock file
#13 139.7 npm ERR! Missing: @babel/helper-globals@7.28.0 from lock file
#13 139.7 npm ERR! Missing: @babel/helper-string-parser@7.27.1 from lock file
#13 139.7 npm ERR! Missing: @jridgewell/trace-mapping@0.3.31 from lock file
#13 139.7 npm ERR! Missing: supports-color@6.1.0 from lock file
#13 139.7 npm ERR! Missing: rimraf@2.7.1 from lock file
#13 139.7 npm ERR! Missing: html-escaper@2.0.2 from lock file
#13 139.7 npm ERR! Missing: basic-auth@1.1.0 from lock file
#13 139.7 npm ERR! Missing: bluebird@3.5.0 from lock file
#13 139.7 npm ERR! Missing: lodash@4.17.4 from lock file
#13 139.7 npm ERR! Missing: promisify-any@2.0.1 from lock file
#13 139.7 npm ERR! Missing: statuses@1.3.1 from lock file
#13 139.7 npm ERR! Missing: type-is@1.6.15 from lock file
#13 139.7 npm ERR! Missing: array-each@1.0.1 from lock file
#13 139.7 npm ERR! Missing: array-slice@1.1.0 from lock file
#13 139.7 npm ERR! Missing: for-own@1.0.0 from lock file
#13 139.7 npm ERR! Missing: for-in@1.0.2 from lock file
#13 139.7 npm ERR! Missing: make-iterator@1.0.1 from lock file
#13 139.7 npm ERR! Missing: db-errors@0.2.3 from lock file
#13 139.7 npm ERR! Missing: lodash.castarray@4.4.0 from lock file
#13 139.7 npm ERR! Missing: lodash.compact@3.0.1 from lock file
#13 139.7 npm ERR! Missing: lodash.isempty@4.4.0 from lock file
#13 139.7 npm ERR! Missing: ee-first@1.1.1 from lock file
#13 139.7 npm ERR! Missing: deep-is@0.1.4 from lock file
#13 139.7 npm ERR! Missing: fast-levenshtein@2.0.6 from lock file
#13 139.7 npm ERR! Missing: word-wrap@1.2.5 from lock file
#13 139.7 npm ERR! Missing: p-map@2.1.0 from lock file
#13 139.7 npm ERR! Missing: p-map@2.1.0 from lock file
#13 139.7 npm ERR! Missing: lodash.flattendeep@4.4.0 from lock file
#13 139.7 npm ERR! Missing: release-zalgo@1.0.0 from lock file
#13 139.7 npm ERR! Missing: asn1.js@4.10.1 from lock file
#13 139.7 npm ERR! Missing: bn.js@4.12.3 from lock file
#13 139.7 npm ERR! Missing: is-absolute@1.0.0 from lock file
#13 139.7 npm ERR! Missing: map-cache@0.2.2 from lock file
#13 139.7 npm ERR! Missing: path-root@0.1.1 from lock file
#13 139.7 npm ERR! Missing: is-relative@1.0.0 from lock file
#13 139.7 npm ERR! Missing: is-unc-path@1.0.0 from lock file
#13 139.7 npm ERR! Missing: unc-path-regex@0.1.2 from lock file
#13 139.7 npm ERR! Missing: path-root-regex@0.1.2 from lock file
#13 139.7 npm ERR! Missing: ansi-colors@1.1.0 from lock file
#13 139.7 npm ERR! Missing: arr-diff@4.0.0 from lock file
#13 139.7 npm ERR! Missing: arr-union@3.1.0 from lock file
#13 139.7 npm ERR! Missing: extend-shallow@3.0.2 from lock file
#13 139.7 npm ERR! Missing: assign-symbols@1.0.0 from lock file
#13 139.7 npm ERR! Missing: is-extendable@1.0.1 from lock file
#13 139.7 npm ERR! Missing: cosmiconfig@5.2.1 from lock file
#13 139.7 npm ERR! Missing: import-cwd@2.1.0 from lock file
#13 139.7 npm ERR! Missing: import-from@2.1.0 from lock file
#13 139.7 npm ERR! Missing: chalk@3.0.0 from lock file
#13 139.7 npm ERR! Missing: progress@2.0.3 from lock file
#13 139.7 npm ERR! Missing: bluebird@2.11.0 from lock file
#13 139.7 npm ERR! Missing: co-bluebird@1.1.0 from lock file
#13 139.7 npm ERR! Missing: is-generator@1.0.3 from lock file
#13 139.7 npm ERR! Missing: bluebird@2.11.0 from lock file
#13 139.7 npm ERR! Missing: co-use@1.1.0 from lock file
#13 139.7 npm ERR! Missing: forwarded@0.2.0 from lock file
#13 139.7 npm ERR! Missing: ipaddr.js@1.9.1 from lock file
#13 139.7 npm ERR! Missing: bn.js@4.12.3 from lock file
#13 139.7 npm ERR! Missing: pug-code-gen@3.0.4 from lock file
#13 139.7 npm ERR! Missing: pug-filters@4.0.0 from lock file
#13 139.7 npm ERR! Missing: pug-lexer@5.0.1 from lock file
#13 139.7 npm ERR! Missing: pug-linker@4.0.0 from lock file
#13 139.7 npm ERR! Missing: pug-load@3.0.0 from lock file
#13 139.7 npm ERR! Missing: pug-parser@6.0.0 from lock file
#13 139.7 npm ERR! Missing: pug-runtime@3.0.1 from lock file
#13 139.7 npm ERR! Missing: pug-strip-comments@2.0.0 from lock file
#13 139.7 npm ERR! Missing: constantinople@4.0.1 from lock file
#13 139.7 npm ERR! Missing: doctypes@1.1.0 from lock file
#13 139.7 npm ERR! Missing: js-stringify@1.0.2 from lock file
#13 139.7 npm ERR! Missing: pug-attrs@3.0.0 from lock file
#13 139.7 npm ERR! Missing: pug-error@2.1.0 from lock file
#13 139.7 npm ERR! Missing: void-elements@3.1.0 from lock file
#13 139.7 npm ERR! Missing: with@7.0.2 from lock file
#13 139.7 npm ERR! Missing: jstransformer@1.0.0 from lock file
#13 139.7 npm ERR! Missing: pug-walk@2.0.0 from lock file
#13 139.7 npm ERR! Missing: is-promise@2.2.2 from lock file
#13 139.7 npm ERR! Missing: promise@7.3.1 from lock file
#13 139.7 npm ERR! Missing: character-parser@2.2.0 from lock file
#13 139.7 npm ERR! Missing: is-expression@4.0.0 from lock file
#13 139.7 npm ERR! Missing: acorn@7.4.1 from lock file
#13 139.7 npm ERR! Missing: token-stream@1.0.0 from lock file
#13 139.7 npm ERR! Missing: debug@4.3.1 from lock file
#13 139.7 npm ERR! Missing: devtools-protocol@0.0.901419 from lock file
#13 139.7 npm ERR! Missing: extract-zip@2.0.1 from lock file
#13 139.7 npm ERR! Missing: https-proxy-agent@5.0.0 from lock file
#13 139.7 npm ERR! Missing: node-fetch@2.6.1 from lock file
#13 139.7 npm ERR! Missing: progress@2.0.1 from lock file
#13 139.7 npm ERR! Missing: proxy-from-env@1.1.0 from lock file
#13 139.7 npm ERR! Missing: tar-fs@2.0.0 from lock file
#13 139.7 npm ERR! Missing: unbzip2-stream@1.3.3 from lock file
#13 139.7 npm ERR! Missing: ws@7.4.6 from lock file
#13 139.7 npm ERR! Missing: @types/yauzl@2.10.3 from lock file
#13 139.7 npm ERR! Missing: get-stream@5.2.0 from lock file
#13 139.7 npm ERR! Missing: yauzl@2.10.0 from lock file
#13 139.7 npm ERR! Missing: iconv-lite@0.4.24 from lock file
#13 139.7 npm ERR! Missing: micromatch@3.1.10 from lock file
#13 139.7 npm ERR! Missing: readable-stream@2.3.8 from lock file
#13 139.7 npm ERR! Missing: set-function-name@2.0.2 from lock file
#13 139.7 npm ERR! Missing: es6-error@4.1.1 from lock file
#13 139.7 npm ERR! Missing: remove-trailing-separator@1.1.0 from lock file
#13 139.7 npm ERR! Missing: global-modules@1.0.0 from lock file
#13 139.7 npm ERR! Missing: global-prefix@1.0.2 from lock file
#13 139.7 npm ERR! Missing: which@1.3.1 from lock file
#13 139.7 npm ERR! Missing: hash-base@3.1.2 from lock file
#13 139.7 npm ERR! Missing: find-up@5.0.0 from lock file
#13 139.7 npm ERR! Missing: isarray@2.0.5 from lock file
#13 139.7 npm ERR! Missing: isarray@2.0.5 from lock file
#13 139.7 npm ERR! Missing: chokidar@3.6.0 from lock file
#13 139.7 npm ERR! Missing: ajv-formats@2.1.1 from lock file
#13 139.7 npm ERR! Missing: ajv-keywords@5.1.0 from lock file
#13 139.7 npm ERR! Missing: sver-compat@1.5.0 from lock file
#13 139.7 npm ERR! Missing: debug@2.6.9 from lock file
#13 139.7 npm ERR! Missing: depd@1.1.2 from lock file
#13 139.7 npm ERR! Missing: destroy@1.0.4 from lock file
#13 139.7 npm ERR! Missing: http-errors@1.7.3 from lock file
#13 139.7 npm ERR! Missing: mime@1.6.0 from lock file
#13 139.7 npm ERR! Missing: ms@2.1.1 from lock file
#13 139.7 npm ERR! Missing: on-finished@2.3.0 from lock file
#13 139.7 npm ERR! Missing: side-channel-list@1.0.1 from lock file
#13 139.7 npm ERR! Missing: side-channel-map@1.0.1 from lock file
#13 139.7 npm ERR! Missing: side-channel-weakmap@1.0.2 from lock file
#13 139.7 npm ERR! Missing: @sinonjs/commons@1.8.6 from lock file
#13 139.7 npm ERR! Missing: @sinonjs/formatio@3.2.2 from lock file
#13 139.7 npm ERR! Missing: @sinonjs/samsam@3.3.3 from lock file
#13 139.7 npm ERR! Missing: diff@3.5.1 from lock file
#13 139.7 npm ERR! Missing: lolex@4.2.0 from lock file
#13 139.7 npm ERR! Missing: nise@1.5.3 from lock file
#13 139.7 npm ERR! Missing: supports-color@5.5.0 from lock file
#13 139.7 npm ERR! Missing: type-detect@4.0.8 from lock file
#13 139.7 npm ERR! Missing: array-from@2.1.1 from lock file
#13 139.7 npm ERR! Missing: @sinonjs/text-encoding@0.7.3 from lock file
#13 139.7 npm ERR! Missing: just-extend@4.2.1 from lock file
#13 139.7 npm ERR! Missing: lolex@5.1.2 from lock file
#13 139.7 npm ERR! Missing: path-to-regexp@1.9.0 from lock file
#13 139.7 npm ERR! Missing: memory-pager@1.5.0 from lock file
#13 139.7 npm ERR! Missing: mkdirp@0.5.6 from lock file
#13 139.7 npm ERR! Missing: os-homedir@1.0.2 from lock file
#13 139.7 npm ERR! Missing: rimraf@2.7.1 from lock file
#13 139.7 npm ERR! Missing: which@1.3.1 from lock file
#13 139.7 npm ERR! Missing: readable-stream@2.3.8 from lock file
#13 139.7 npm ERR! Missing: builtin-status-codes@3.0.0 from lock file
#13 139.7 npm ERR! Missing: readable-stream@2.3.8 from lock file
#13 139.7 npm ERR! Missing: to-arraybuffer@1.0.1 from lock file
#13 139.7 npm ERR! Missing: component-emitter@1.3.1 from lock file
#13 139.7 npm ERR! Missing: debug@3.2.7 from lock file
#13 139.7 npm ERR! Missing: form-data@2.5.5 from lock file
#13 139.7 npm ERR! Missing: formidable@1.2.6 from lock file
#13 139.7 npm ERR! Missing: readable-stream@2.3.8 from lock file
#13 139.7 npm ERR! Missing: @pkgr/core@0.1.2 from lock file
#13 139.7 npm ERR! Missing: chownr@1.1.4 from lock file
#13 139.7 npm ERR! Missing: mkdirp@0.5.6 from lock file
#13 139.7 npm ERR! Missing: pump@3.0.4 from lock file
#13 139.7 npm ERR! Missing: glob@7.2.3 from lock file
#13 139.7 npm ERR! Missing: minimatch@3.1.5 from lock file
#13 139.7 npm ERR! Missing: read-pkg-up@4.0.0 from lock file
#13 139.7 npm ERR! Missing: require-main-filename@2.0.0 from lock file
#13 139.7 npm ERR! Missing: setimmediate@1.0.5 from lock file
#13 139.7 npm ERR! Missing: isarray@2.0.5 from lock file
#13 139.7 npm ERR! Missing: tslib@1.14.1 from lock file
#13 139.7 npm ERR! Missing: tslib@1.14.1 from lock file
#13 139.7 npm ERR! Missing: media-typer@0.3.0 from lock file
#13 139.7 npm ERR! Missing: for-each@0.3.5 from lock file
#13 139.7 npm ERR! Missing: reflect.getprototypeof@1.0.10 from lock file
#13 139.7 npm ERR! Missing: which-builtin-type@1.2.1 from lock file
#13 139.7 npm ERR! Missing: random-bytes@1.0.0 from lock file
#13 139.7 npm ERR! Missing: has-bigints@1.1.0 from lock file
#13 139.7 npm ERR! Missing: which-boxed-primitive@1.1.1 from lock file
#13 139.7 npm ERR! Missing: arr-flatten@1.1.0 from lock file
#13 139.7 npm ERR! Missing: arr-map@2.0.2 from lock file
#13 139.7 npm ERR! Missing: bach@1.2.0 from lock file
#13 139.7 npm ERR! Missing: collection-map@1.0.0 from lock file
#13 139.7 npm ERR! Missing: fast-levenshtein@1.1.4 from lock file
#13 139.7 npm ERR! Missing: last-run@1.1.1 from lock file
#13 139.7 npm ERR! Missing: object.reduce@1.0.1 from lock file
#13 139.7 npm ERR! Missing: undertaker-registry@1.0.1 from lock file
#13 139.7 npm ERR! Missing: arr-filter@1.1.2 from lock file
#13 139.7 npm ERR! Missing: array-initial@1.1.0 from lock file
#13 139.7 npm ERR! Missing: array-last@1.3.0 from lock file
#13 139.7 npm ERR! Missing: async-settle@1.0.0 from lock file
#13 139.7 npm ERR! Missing: now-and-later@2.0.1 from lock file
#13 139.7 npm ERR! Missing: is-number@4.0.0 from lock file
#13 139.7 npm ERR! Missing: is-number@4.0.0 from lock file
#13 139.7 npm ERR! Missing: default-resolution@2.0.0 from lock file
#13 139.7 npm ERR! Missing: boxen@1.3.0 from lock file
#13 139.7 npm ERR! Missing: chalk@2.4.2 from lock file
#13 139.7 npm ERR! Missing: configstore@3.1.5 from lock file
#13 139.7 npm ERR! Missing: import-lazy@2.1.0 from lock file
#13 139.7 npm ERR! Missing: is-ci@1.2.1 from lock file
#13 139.7 npm ERR! Missing: is-installed-globally@0.1.0 from lock file
#13 139.7 npm ERR! Missing: is-npm@1.0.0 from lock file
#13 139.7 npm ERR! Missing: latest-version@3.1.0 from lock file
#13 139.7 npm ERR! Missing: semver-diff@2.1.0 from lock file
#13 139.7 npm ERR! Missing: xdg-basedir@3.0.0 from lock file
#13 139.7 npm ERR! Missing: ansi-align@2.0.0 from lock file
#13 139.7 npm ERR! Missing: camelcase@4.1.0 from lock file
#13 139.7 npm ERR! Missing: chalk@2.4.2 from lock file
#13 139.7 npm ERR! Missing: cli-boxes@1.0.0 from lock file
#13 139.7 npm ERR! Missing: string-width@2.1.1 from lock file
#13 139.7 npm ERR! Missing: term-size@1.2.0 from lock file
#13 139.7 npm ERR! Missing: widest-line@2.0.1 from lock file
#13 139.7 npm ERR! Missing: string-width@2.1.1 from lock file
#13 139.7 npm ERR! Missing: dot-prop@4.2.1 from lock file
#13 139.7 npm ERR! Missing: make-dir@1.3.0 from lock file
#13 139.7 npm ERR! Missing: unique-string@1.0.0 from lock file
#13 139.7 npm ERR! Missing: is-path-inside@1.0.1 from lock file
#13 139.7 npm ERR! Missing: package-json@4.0.1 from lock file
#13 139.7 npm ERR! Missing: got@6.7.1 from lock file
#13 139.7 npm ERR! Missing: registry-auth-token@3.4.0 from lock file
#13 139.7 npm ERR! Missing: registry-url@3.1.0 from lock file
#13 139.7 npm ERR! Missing: semver@5.7.2 from lock file
#13 139.7 npm ERR! Missing: create-error-class@3.0.2 from lock file
#13 139.7 npm ERR! Missing: duplexer3@0.1.5 from lock file
#13 139.7 npm ERR! Missing: get-stream@3.0.0 from lock file
#13 139.7 npm ERR! Missing: is-redirect@1.0.0 from lock file
#13 139.7 npm ERR! Missing: is-retry-allowed@1.2.0 from lock file
#13 139.7 npm ERR! Missing: is-stream@1.1.0 from lock file
#13 139.7 npm ERR! Missing: lowercase-keys@1.0.1 from lock file
#13 139.7 npm ERR! Missing: timed-out@4.0.1 from lock file
#13 139.7 npm ERR! Missing: unzip-response@2.0.1 from lock file
#13 139.7 npm ERR! Missing: url-parse-lax@1.0.0 from lock file
#13 139.7 npm ERR! Missing: capture-stack-trace@1.0.2 from lock file
#13 139.7 npm ERR! Missing: rc@1.2.8 from lock file
#13 139.7 npm ERR! Missing: deep-extend@0.6.0 from lock file
#13 139.7 npm ERR! Missing: strip-json-comments@2.0.1 from lock file
#13 139.7 npm ERR! Missing: semver@5.7.2 from lock file
#13 139.7 npm ERR! Missing: execa@0.7.0 from lock file
#13 139.7 npm ERR! Missing: crypto-random-string@1.0.0 from lock file
#13 139.7 npm ERR! Missing: prepend-http@1.0.4 from lock file
#13 139.7 npm ERR! Missing: inherits@2.0.3 from lock file
#13 139.7 npm ERR! Missing: fs-mkdirp-stream@1.0.0 from lock file
#13 139.7 npm ERR! Missing: glob-stream@6.1.0 from lock file
#13 139.7 npm ERR! Missing: is-valid-glob@1.0.0 from lock file
#13 139.7 npm ERR! Missing: lazystream@1.0.1 from lock file
#13 139.7 npm ERR! Missing: lead@1.0.0 from lock file
#13 139.7 npm ERR! Missing: pumpify@1.5.1 from lock file
#13 139.7 npm ERR! Missing: readable-stream@2.3.8 from lock file
#13 139.7 npm ERR! Missing: remove-bom-buffer@3.0.0 from lock file
#13 139.7 npm ERR! Missing: remove-bom-stream@1.2.0 from lock file
#13 139.7 npm ERR! Missing: resolve-options@1.1.0 from lock file
#13 139.7 npm ERR! Missing: through2@2.0.5 from lock file
#13 139.7 npm ERR! Missing: to-through@2.0.0 from lock file
#13 139.7 npm ERR! Missing: value-or-function@3.0.0 from lock file
#13 139.7 npm ERR! Missing: vinyl@2.2.1 from lock file
#13 139.7 npm ERR! Missing: vinyl-sourcemap@1.1.0 from lock file
#13 139.7 npm ERR! Missing: through2@2.0.5 from lock file
#13 139.7 npm ERR! Missing: glob@7.2.3 from lock file
#13 139.7 npm ERR! Missing: glob-parent@3.1.0 from lock file
#13 139.7 npm ERR! Missing: ordered-read-streams@1.0.1 from lock file
#13 139.7 npm ERR! Missing: readable-stream@2.3.8 from lock file
#13 139.7 npm ERR! Missing: to-absolute-glob@2.0.2 from lock file
#13 139.7 npm ERR! Missing: unique-stream@2.4.0 from lock file
#13 139.7 npm ERR! Missing: readable-stream@2.3.8 from lock file
#13 139.7 npm ERR! Missing: flush-write-stream@1.1.1 from lock file
#13 139.7 npm ERR! Missing: readable-stream@2.3.8 from lock file
#13 139.7 npm ERR! Missing: readable-stream@2.3.8 from lock file
#13 139.7 npm ERR! Missing: duplexify@3.7.1 from lock file
#13 139.7 npm ERR! Missing: pump@2.0.1 from lock file
#13 139.7 npm ERR! Missing: readable-stream@2.3.8 from lock file
#13 139.7 npm ERR! Missing: stream-shift@1.0.3 from lock file
#13 139.7 npm ERR! Missing: is-buffer@1.1.6 from lock file
#13 139.7 npm ERR! Missing: is-utf8@0.2.1 from lock file
#13 139.7 npm ERR! Missing: through2@2.0.5 from lock file
#13 139.7 npm ERR! Missing: through2@2.0.5 from lock file
#13 139.7 npm ERR! Missing: through2-filter@3.0.0 from lock file
#13 139.7 npm ERR! Missing: through2@2.0.5 from lock file
#13 139.7 npm ERR! Missing: clone@2.1.2 from lock file
#13 139.7 npm ERR! Missing: clone-buffer@1.0.0 from lock file
#13 139.7 npm ERR! Missing: clone-stats@1.0.0 from lock file
#13 139.7 npm ERR! Missing: cloneable-readable@1.1.3 from lock file
#13 139.7 npm ERR! Missing: replace-ext@1.0.1 from lock file
#13 139.7 npm ERR! Missing: readable-stream@2.3.8 from lock file
#13 139.7 npm ERR! Missing: append-buffer@1.0.2 from lock file
#13 139.7 npm ERR! Missing: normalize-path@2.1.1 from lock file
#13 139.7 npm ERR! Missing: buffer-equal@1.0.1 from lock file
#13 139.7 npm ERR! Missing: source-map@0.5.7 from lock file
#13 139.7 npm ERR! Missing: @types/eslint-scope@3.7.7 from lock file
#13 139.7 npm ERR! Missing: @types/estree@0.0.51 from lock file
#13 139.7 npm ERR! Missing: @webassemblyjs/ast@1.11.1 from lock file
#13 139.7 npm ERR! Missing: @webassemblyjs/wasm-edit@1.11.1 from lock file
#13 139.7 npm ERR! Missing: @webassemblyjs/wasm-parser@1.11.1 from lock file
#13 139.7 npm ERR! Missing: acorn-import-assertions@1.9.0 from lock file
#13 139.7 npm ERR! Missing: browserslist@4.28.2 from lock file
#13 139.7 npm ERR! Missing: chrome-trace-event@1.0.4 from lock file
#13 139.7 npm ERR! Missing: es-module-lexer@0.9.3 from lock file
#13 139.7 npm ERR! Missing: glob-to-regexp@0.4.1 from lock file
#13 139.7 npm ERR! Missing: loader-runner@4.3.2 from lock file
#13 139.7 npm ERR! Missing: schema-utils@3.3.0 from lock file
#13 139.7 npm ERR! Missing: terser-webpack-plugin@5.5.0 from lock file
#13 139.7 npm ERR! Missing: watchpack@2.5.1 from lock file
#13 139.7 npm ERR! Missing: webpack-sources@3.4.1 from lock file
#13 139.7 npm ERR! Missing: @types/eslint@9.6.1 from lock file
#13 139.7 npm ERR! Missing: @webassemblyjs/helper-numbers@1.11.1 from lock file
#13 139.7 npm ERR! Missing: @webassemblyjs/helper-wasm-bytecode@1.11.1 from lock file
#13 139.7 npm ERR! Missing: @webassemblyjs/floating-point-hex-parser@1.11.1 from lock file
#13 139.7 npm ERR! Missing: @webassemblyjs/helper-api-error@1.11.1 from lock file
#13 139.7 npm ERR! Missing: @xtuc/long@4.2.2 from lock file
#13 139.7 npm ERR! Missing: @webassemblyjs/helper-buffer@1.11.1 from lock file
#13 139.7 npm ERR! Missing: @webassemblyjs/helper-wasm-section@1.11.1 from lock file
#13 139.7 npm ERR! Missing: @webassemblyjs/wasm-gen@1.11.1 from lock file
#13 139.7 npm ERR! Missing: @webassemblyjs/wasm-opt@1.11.1 from lock file
#13 139.7 npm ERR! Missing: @webassemblyjs/wast-printer@1.11.1 from lock file
#13 139.7 npm ERR! Missing: @webassemblyjs/ieee754@1.11.1 from lock file
#13 139.7 npm ERR! Missing: @webassemblyjs/leb128@1.11.1 from lock file
#13 139.7 npm ERR! Missing: @webassemblyjs/utf8@1.11.1 from lock file
#13 139.7 npm ERR! Missing: @xtuc/ieee754@1.2.0 from lock file
#13 139.7 npm ERR! Missing: baseline-browser-mapping@2.10.27 from lock file
#13 139.7 npm ERR! Missing: caniuse-lite@1.0.30001791 from lock file
#13 139.7 npm ERR! Missing: electron-to-chromium@1.5.349 from lock file
#13 139.7 npm ERR! Missing: node-releases@2.0.38 from lock file
#13 139.7 npm ERR! Missing: update-browserslist-db@1.2.3 from lock file
#13 139.7 npm ERR! Missing: @jridgewell/trace-mapping@0.3.31 from lock file
#13 139.7 npm ERR! Missing: jest-worker@27.5.1 from lock file
#13 139.7 npm ERR! Missing: terser@5.46.2 from lock file
#13 139.7 npm ERR! Missing: supports-color@8.1.1 from lock file
#13 139.7 npm ERR! Missing: @jridgewell/source-map@0.3.11 from lock file
#13 139.7 npm ERR! Missing: commander@2.20.3 from lock file
#13 139.7 npm ERR! Missing: source-map-support@0.5.21 from lock file
#13 139.7 npm ERR! Missing: @jridgewell/trace-mapping@0.3.31 from lock file
#13 139.7 npm ERR! Missing: @discoveryjs/json-ext@0.5.7 from lock file
#13 139.7 npm ERR! Missing: @webpack-cli/configtest@1.2.0 from lock file
#13 139.7 npm ERR! Missing: @webpack-cli/info@1.5.0 from lock file
#13 139.7 npm ERR! Missing: @webpack-cli/serve@1.7.0 from lock file
#13 139.7 npm ERR! Missing: colorette@2.0.20 from lock file
#13 139.7 npm ERR! Missing: commander@7.2.0 from lock file
#13 139.7 npm ERR! Missing: fastest-levenshtein@1.0.16 from lock file
#13 139.7 npm ERR! Missing: interpret@2.2.0 from lock file
#13 139.7 npm ERR! Missing: wildcard@2.0.1 from lock file
#13 139.7 npm ERR! Missing: chalk@2.4.2 from lock file
#13 139.7 npm ERR! Missing: is-bigint@1.1.0 from lock file
#13 139.7 npm ERR! Missing: is-boolean-object@1.2.2 from lock file
#13 139.7 npm ERR! Missing: is-number-object@1.1.1 from lock file
#13 139.7 npm ERR! Missing: is-async-function@2.1.1 from lock file
#13 139.7 npm ERR! Missing: is-finalizationregistry@1.1.1 from lock file
#13 139.7 npm ERR! Missing: is-generator-function@1.1.2 from lock file
#13 139.7 npm ERR! Missing: isarray@2.0.5 from lock file
#13 139.7 npm ERR! Missing: which-collection@1.0.2 from lock file
#13 139.7 npm ERR! Missing: async-function@1.0.0 from lock file
#13 139.7 npm ERR! Missing: generator-function@2.0.1 from lock file
#13 139.7 npm ERR! Missing: is-map@2.0.3 from lock file
#13 139.7 npm ERR! Missing: is-weakmap@2.0.2 from lock file
#13 139.7 npm ERR! Missing: is-weakset@2.0.4 from lock file
#13 139.7 npm ERR! Missing: string-width@2.1.1 from lock file
#13 139.7 npm ERR! Missing: async@2.6.4 from lock file
#13 139.7 npm ERR! Missing: diagnostics@1.1.1 from lock file
#13 139.7 npm ERR! Missing: is-stream@1.1.0 from lock file
#13 139.7 npm ERR! Missing: logform@2.7.0 from lock file
#13 139.7 npm ERR! Missing: one-time@0.0.4 from lock file
#13 139.7 npm ERR! Missing: triple-beam@1.4.1 from lock file
#13 139.7 npm ERR! Missing: winston-transport@4.9.0 from lock file
#13 139.7 npm ERR! Missing: colorspace@1.1.4 from lock file
#13 139.7 npm ERR! Missing: enabled@1.0.2 from lock file
#13 139.7 npm ERR! Missing: kuler@1.0.1 from lock file
#13 139.7 npm ERR! Missing: color@3.2.1 from lock file
#13 139.7 npm ERR! Missing: text-hex@1.0.0 from lock file
#13 139.7 npm ERR! Missing: color-convert@1.9.3 from lock file
#13 139.7 npm ERR! Missing: color-string@1.9.1 from lock file
#13 139.7 npm ERR! Missing: simple-swizzle@0.2.4 from lock file
#13 139.7 npm ERR! Missing: env-variable@0.0.6 from lock file
#13 139.7 npm ERR! Missing: colornames@1.1.1 from lock file
#13 139.7 npm ERR! Missing: @colors/colors@1.6.0 from lock file
#13 139.7 npm ERR! Missing: @types/triple-beam@1.3.5 from lock file
#13 139.7 npm ERR! Missing: fecha@4.2.3 from lock file
#13 139.7 npm ERR! Missing: safe-stable-stringify@2.5.0 from lock file
#13 139.7 npm ERR! Missing: is-arrayish@0.3.4 from lock file
#13 139.7 npm ERR! Missing: assert-never@1.4.0 from lock file
#13 139.7 npm ERR! Missing: babel-walk@3.0.0-canary-5 from lock file
#13 139.7 npm ERR! Missing: buffer-crc32@0.2.13 from lock file
#13 139.7 npm ERR! Missing: fd-slicer@1.1.0 from lock file
#13 139.7 npm ERR! Missing: pend@1.2.0 from lock file
#13 139.7 npm ERR! Missing: undici-types@5.26.5 from lock file
#13 139.7 npm ERR! Missing: @smithy/util-buffer-from@2.2.0 from lock file
#13 139.7 npm ERR! Missing: @smithy/is-array-buffer@2.2.0 from lock file
#13 139.7 npm ERR! Missing: @smithy/util-buffer-from@2.2.0 from lock file
#13 139.7 npm ERR! Missing: @smithy/is-array-buffer@2.2.0 from lock file
#13 139.7 npm ERR! Missing: fast-json-stable-stringify@2.1.0 from lock file
#13 139.7 npm ERR! Missing: json-schema-traverse@0.4.1 from lock file
#13 139.7 npm ERR! Missing: uri-js@4.4.1 from lock file
#13 139.7 npm ERR! Missing: punycode@2.3.1 from lock file
#13 139.7 npm ERR! Missing: brace-expansion@1.1.14 from lock file
#13 139.7 npm ERR! Missing: brace-expansion@1.1.14 from lock file
#13 139.7 npm ERR! Missing: is-fullwidth-code-point@2.0.0 from lock file
#13 139.7 npm ERR! Missing: strip-ansi@4.0.0 from lock file
#13 139.7 npm ERR! Missing: ansi-regex@3.0.1 from lock file
#13 139.7 npm ERR! Missing: array-unique@0.3.2 from lock file
#13 139.7 npm ERR! Missing: braces@2.3.2 from lock file
#13 139.7 npm ERR! Missing: define-property@2.0.2 from lock file
#13 139.7 npm ERR! Missing: extglob@2.0.4 from lock file
#13 139.7 npm ERR! Missing: fragment-cache@0.2.1 from lock file
#13 139.7 npm ERR! Missing: nanomatch@1.2.13 from lock file
#13 139.7 npm ERR! Missing: regex-not@1.0.2 from lock file
#13 139.7 npm ERR! Missing: snapdragon@0.8.2 from lock file
#13 139.7 npm ERR! Missing: to-regex@3.0.2 from lock file
#13 139.7 npm ERR! Missing: is-descriptor@1.0.3 from lock file
#13 139.7 npm ERR! Missing: define-property@1.0.0 from lock file
#13 139.7 npm ERR! Missing: expand-brackets@2.1.4 from lock file
#13 139.7 npm ERR! Missing: extend-shallow@2.0.1 from lock file
#13 139.7 npm ERR! Missing: debug@2.6.9 from lock file
#13 139.7 npm ERR! Missing: define-property@0.2.5 from lock file
#13 139.7 npm ERR! Missing: extend-shallow@2.0.1 from lock file
#13 139.7 npm ERR! Missing: posix-character-classes@0.1.1 from lock file
#13 139.7 npm ERR! Missing: is-accessor-descriptor@1.0.1 from lock file
#13 139.7 npm ERR! Missing: is-data-descriptor@1.0.1 from lock file
#13 139.7 npm ERR! Missing: safe-regex@1.1.0 from lock file
#13 139.7 npm ERR! Missing: ret@0.1.15 from lock file
#13 139.7 npm ERR! Missing: base@0.11.2 from lock file
#13 139.7 npm ERR! Missing: debug@2.6.9 from lock file
#13 139.7 npm ERR! Missing: define-property@0.2.5 from lock file
#13 139.7 npm ERR! Missing: extend-shallow@2.0.1 from lock file
#13 139.7 npm ERR! Missing: source-map@0.5.7 from lock file
#13 139.7 npm ERR! Missing: source-map-resolve@0.5.3 from lock file
#13 139.7 npm ERR! Missing: use@3.1.1 from lock file
#13 139.7 npm ERR! Missing: cache-base@1.0.1 from lock file
#13 139.7 npm ERR! Missing: class-utils@0.3.6 from lock file
#13 139.7 npm ERR! Missing: define-property@1.0.0 from lock file
#13 139.7 npm ERR! Missing: mixin-deep@1.3.2 from lock file
#13 139.7 npm ERR! Missing: pascalcase@0.1.1 from lock file
#13 139.7 npm ERR! Missing: collection-visit@1.0.0 from lock file
#13 139.7 npm ERR! Missing: has-value@1.0.0 from lock file
#13 139.7 npm ERR! Missing: set-value@2.0.1 from lock file
#13 139.7 npm ERR! Missing: to-object-path@0.3.0 from lock file
#13 139.7 npm ERR! Missing: union-value@1.0.1 from lock file
#13 139.7 npm ERR! Missing: unset-value@1.0.0 from lock file
#13 139.7 npm ERR! Missing: define-property@0.2.5 from lock file
#13 139.7 npm ERR! Missing: static-extend@0.1.2 from lock file
#13 139.7 npm ERR! Missing: map-visit@1.0.0 from lock file
#13 139.7 npm ERR! Missing: object-visit@1.0.1 from lock file
#13 139.7 npm ERR! Missing: has-values@1.0.0 from lock file
#13 139.7 npm ERR! Missing: is-number@3.0.0 from lock file
#13 139.7 npm ERR! Missing: kind-of@4.0.0 from lock file
#13 139.7 npm ERR! Missing: extend-shallow@2.0.1 from lock file
#13 139.7 npm ERR! Missing: is-extendable@0.1.1 from lock file
#13 139.7 npm ERR! Missing: split-string@3.1.0 from lock file
#13 139.7 npm ERR! Missing: atob@2.1.2 from lock file
#13 139.7 npm ERR! Missing: decode-uri-component@0.2.2 from lock file
#13 139.7 npm ERR! Missing: resolve-url@0.2.1 from lock file
#13 139.7 npm ERR! Missing: source-map-url@0.4.1 from lock file
#13 139.7 npm ERR! Missing: urix@0.1.0 from lock file
#13 139.7 npm ERR! Missing: define-property@0.2.5 from lock file
#13 139.7 npm ERR! Missing: object-copy@0.1.0 from lock file
#13 139.7 npm ERR! Missing: copy-descriptor@0.1.1 from lock file
#13 139.7 npm ERR! Missing: define-property@0.2.5 from lock file
#13 139.7 npm ERR! Missing: kind-of@3.2.2 from lock file
#13 139.7 npm ERR! Missing: kind-of@3.2.2 from lock file
#13 139.7 npm ERR! Missing: is-extendable@0.1.1 from lock file
#13 139.7 npm ERR! Missing: has-value@0.3.1 from lock file
#13 139.7 npm ERR! Missing: extend-shallow@2.0.1 from lock file
#13 139.7 npm ERR! Missing: fill-range@4.0.0 from lock file
#13 139.7 npm ERR! Missing: repeat-element@1.1.4 from lock file
#13 139.7 npm ERR! Missing: snapdragon-node@2.1.1 from lock file
#13 139.7 npm ERR! Missing: define-property@1.0.0 from lock file
#13 139.7 npm ERR! Missing: snapdragon-util@3.0.1 from lock file
#13 139.7 npm ERR! Missing: kind-of@3.2.2 from lock file
#13 139.7 npm ERR! Missing: extend-shallow@2.0.1 from lock file
#13 139.7 npm ERR! Missing: is-number@3.0.0 from lock file
#13 139.7 npm ERR! Missing: repeat-string@1.6.1 from lock file
#13 139.7 npm ERR! Missing: to-regex-range@2.1.1 from lock file
#13 139.7 npm ERR! Missing: kind-of@3.2.2 from lock file
#13 139.7 npm ERR! Missing: inherits@2.0.3 from lock file
#13 139.7 npm ERR! Missing: ms@2.0.0 from lock file
#13 139.7 npm ERR! Missing: ansi-styles@3.2.1 from lock file
#13 139.7 npm ERR! Missing: supports-color@5.5.0 from lock file
#13 139.7 npm ERR! Missing: color-convert@1.9.3 from lock file
#13 139.7 npm ERR! Missing: color-name@1.1.3 from lock file
#13 139.7 npm ERR! Missing: is-fullwidth-code-point@2.0.0 from lock file
#13 139.7 npm ERR! Missing: strip-ansi@4.0.0 from lock file
#13 139.7 npm ERR! Missing: ansi-regex@3.0.1 from lock file
#13 139.7 npm ERR! Missing: has-flag@3.0.0 from lock file
#13 139.7 npm ERR! Missing: safe-buffer@5.1.2 from lock file
#13 139.7 npm ERR! Missing: string_decoder@1.1.1 from lock file
#13 139.7 npm ERR! Missing: safe-buffer@5.1.2 from lock file
#13 139.7 npm ERR! Missing: extend-shallow@2.0.1 from lock file
#13 139.7 npm ERR! Missing: fill-range@4.0.0 from lock file
#13 139.7 npm ERR! Missing: is-extendable@0.1.1 from lock file
#13 139.7 npm ERR! Missing: is-number@3.0.0 from lock file
#13 139.7 npm ERR! Missing: to-regex-range@2.1.1 from lock file
#13 139.7 npm ERR! Missing: bindings@1.5.0 from lock file
#13 139.7 npm ERR! Missing: nan@2.26.2 from lock file
#13 139.7 npm ERR! Missing: file-uri-to-path@1.0.0 from lock file
#13 139.7 npm ERR! Missing: is-glob@3.1.0 from lock file
#13 139.7 npm ERR! Missing: path-dirname@1.0.2 from lock file
#13 139.7 npm ERR! Missing: kind-of@3.2.2 from lock file
#13 139.7 npm ERR! Missing: is-descriptor@0.1.7 from lock file
#13 139.7 npm ERR! Missing: safe-buffer@5.1.2 from lock file
#13 139.7 npm ERR! Missing: string_decoder@1.1.1 from lock file
#13 139.7 npm ERR! Missing: color-name@1.1.3 from lock file
#13 139.7 npm ERR! Missing: ms@2.0.0 from lock file
#13 139.7 npm ERR! Missing: is-obj@1.0.1 from lock file
#13 139.7 npm ERR! Missing: pify@3.0.0 from lock file
#13 139.7 npm ERR! Missing: semver@6.3.1 from lock file
#13 139.7 npm ERR! Missing: normalize-package-data@2.5.0 from lock file
#13 139.7 npm ERR! Missing: type-fest@0.13.1 from lock file
#13 139.7 npm ERR! Missing: yargs-parser@18.1.3 from lock file
#13 139.7 npm ERR! Missing: hosted-git-info@2.8.9 from lock file
#13 139.7 npm ERR! Missing: semver@5.7.2 from lock file
#13 139.7 npm ERR! Missing: @types/glob@7.2.0 from lock file
#13 139.7 npm ERR! Missing: array-union@1.0.2 from lock file
#13 139.7 npm ERR! Missing: dir-glob@2.2.2 from lock file
#13 139.7 npm ERR! Missing: fast-glob@2.2.7 from lock file
#13 139.7 npm ERR! Missing: glob@7.2.3 from lock file
#13 139.7 npm ERR! Missing: ignore@4.0.6 from lock file
#13 139.7 npm ERR! Missing: slash@2.0.0 from lock file
#13 139.7 npm ERR! Missing: array-uniq@1.0.3 from lock file
#13 139.7 npm ERR! Missing: path-type@3.0.0 from lock file
#13 139.7 npm ERR! Missing: @mrmlnc/readdir-enhanced@2.2.1 from lock file
#13 139.7 npm ERR! Missing: @nodelib/fs.stat@1.1.3 from lock file
#13 139.7 npm ERR! Missing: glob-parent@3.1.0 from lock file
#13 139.7 npm ERR! Missing: micromatch@3.1.10 from lock file
#13 139.7 npm ERR! Missing: call-me-maybe@1.0.2 from lock file
#13 139.7 npm ERR! Missing: glob-to-regexp@0.3.0 from lock file
#13 139.7 npm ERR! Missing: minimatch@3.1.5 from lock file
#13 139.7 npm ERR! Missing: is-glob@3.1.0 from lock file
#13 139.7 npm ERR! Missing: braces@2.3.2 from lock file
#13 139.7 npm ERR! Missing: extend-shallow@2.0.1 from lock file
#13 139.7 npm ERR! Missing: fill-range@4.0.0 from lock file
#13 139.7 npm ERR! Missing: extend-shallow@2.0.1 from lock file
#13 139.7 npm ERR! Missing: is-number@3.0.0 from lock file
#13 139.7 npm ERR! Missing: to-regex-range@2.1.1 from lock file
#13 139.7 npm ERR! Missing: kind-of@3.2.2 from lock file
#13 139.7 npm ERR! Missing: brace-expansion@1.1.14 from lock file
#13 139.7 npm ERR! Missing: pify@3.0.0 from lock file
#13 139.7 npm ERR! Missing: nice-try@1.0.5 from lock file
#13 139.7 npm ERR! Missing: path-key@2.0.1 from lock file
#13 139.7 npm ERR! Missing: semver@5.7.2 from lock file
#13 139.7 npm ERR! Missing: shebang-command@1.2.0 from lock file
#13 139.7 npm ERR! Missing: which@1.3.1 from lock file
#13 139.7 npm ERR! Missing: shebang-regex@1.0.0 from lock file
#13 139.7 npm ERR! Missing: depd@1.1.2 from lock file
#13 139.7 npm ERR! Missing: toidentifier@1.0.0 from lock file
#13 139.7 npm ERR! Missing: ms@2.0.0 from lock file
#13 139.7 npm ERR! Missing: safe-buffer@5.1.2 from lock file
#13 139.7 npm ERR! Missing: string_decoder@1.1.1 from lock file
#13 139.7 npm ERR! Missing: ansi-styles@3.2.1 from lock file
#13 139.7 npm ERR! Missing: supports-color@5.5.0 from lock file
#13 139.7 npm ERR! Missing: color-convert@1.9.3 from lock file
#13 139.7 npm ERR! Missing: color-name@1.1.3 from lock file
#13 139.7 npm ERR! Missing: ansi-regex@3.0.1 from lock file
#13 139.7 npm ERR! Missing: has-flag@3.0.0 from lock file
#13 139.7 npm ERR! Missing: node-exports-info@1.6.0 from lock file
#13 139.7 npm ERR! Missing: semver@6.3.1 from lock file
#13 139.7 npm ERR! Missing: slash@4.0.0 from lock file
#13 139.7 npm ERR! Missing: ms@2.0.0 from lock file
#13 139.7 npm ERR! Missing: memory-fs@0.2.0 from lock file
#13 139.7 npm ERR! Missing: tapable@0.1.10 from lock file
#13 139.7 npm ERR! Missing: glob@7.2.3 from lock file
#13 139.7 npm ERR! Missing: minimatch@3.1.5 from lock file
#13 139.7 npm ERR! Missing: brace-expansion@1.1.14 from lock file
#13 139.7 npm ERR! Missing: brace-expansion@1.1.14 from lock file
#13 139.7 npm ERR! Missing: @types/json5@0.0.29 from lock file
#13 139.7 npm ERR! Missing: json5@1.0.2 from lock file
#13 139.7 npm ERR! Missing: strip-bom@3.0.0 from lock file
#13 139.7 npm ERR! Missing: json-schema-traverse@0.4.1 from lock file
#13 139.7 npm ERR! Missing: estraverse@5.3.0 from lock file
#13 139.7 npm ERR! Missing: locate-path@6.0.0 from lock file
#13 139.7 npm ERR! Missing: p-locate@5.0.0 from lock file
#13 139.7 npm ERR! Missing: brace-expansion@1.1.14 from lock file
#13 139.7 npm ERR! Missing: p-limit@3.1.0 from lock file
#13 139.7 npm ERR! Missing: ms@2.0.0 from lock file
#13 139.7 npm ERR! Missing: is-descriptor@0.1.7 from lock file
#13 139.7 npm ERR! Missing: is-extendable@0.1.1 from lock file
#13 139.7 npm ERR! Missing: bytes@3.1.0 from lock file
#13 139.7 npm ERR! Missing: http-errors@1.7.2 from lock file
#13 139.7 npm ERR! Missing: iconv-lite@0.4.24 from lock file
#13 139.7 npm ERR! Missing: raw-body@2.4.0 from lock file
#13 139.7 npm ERR! Missing: ms@2.0.0 from lock file
#13 139.7 npm ERR! Missing: inherits@2.0.3 from lock file
#13 139.7 npm ERR! Missing: toidentifier@1.0.0 from lock file
#13 139.7 npm ERR! Missing: is-extendable@0.1.1 from lock file
#13 139.7 npm ERR! Missing: ms@2.0.0 from lock file
#13 139.7 npm ERR! Missing: semver@6.3.1 from lock file
#13 139.7 npm ERR! Missing: braces@2.3.2 from lock file
#13 139.7 npm ERR! Missing: extend-shallow@2.0.1 from lock file
#13 139.7 npm ERR! Missing: fill-range@4.0.0 from lock file
#13 139.7 npm ERR! Missing: extend-shallow@2.0.1 from lock file
#13 139.7 npm ERR! Missing: is-number@3.0.0 from lock file
#13 139.7 npm ERR! Missing: to-regex-range@2.1.1 from lock file
#13 139.7 npm ERR! Missing: kind-of@3.2.2 from lock file
#13 139.7 npm ERR! Missing: safe-buffer@5.1.2 from lock file
#13 139.7 npm ERR! Missing: string_decoder@1.1.1 from lock file
#13 139.7 npm ERR! Missing: lru-cache@4.1.5 from lock file
#13 139.7 npm ERR! Missing: which@1.3.1 from lock file
#13 139.7 npm ERR! Missing: pseudomap@1.0.2 from lock file
#13 139.7 npm ERR! Missing: yallist@2.1.2 from lock file
#13 139.7 npm ERR! Missing: readable-stream@2.3.8 from lock file
#13 139.7 npm ERR! Missing: safe-buffer@5.1.2 from lock file
#13 139.7 npm ERR! Missing: string_decoder@1.1.1 from lock file
#13 139.7 npm ERR! Missing: minimatch@3.1.5 from lock file
#13 139.7 npm ERR! Missing: is-glob@3.1.0 from lock file
#13 139.7 npm ERR! Missing: brace-expansion@1.1.14 from lock file
#13 139.7 npm ERR! Missing: safe-buffer@5.1.2 from lock file
#13 139.7 npm ERR! Missing: string_decoder@1.1.1 from lock file
#13 139.7 npm ERR! Missing: readable-stream@2.3.8 from lock file
#13 139.7 npm ERR! Missing: safe-buffer@5.1.2 from lock file
#13 139.7 npm ERR! Missing: string_decoder@1.1.1 from lock file
#13 139.7 npm ERR! Missing: camelcase@3.0.0 from lock file
#13 139.7 npm ERR! Missing: cliui@3.2.0 from lock file
#13 139.7 npm ERR! Missing: get-caller-file@1.0.3 from lock file
#13 139.7 npm ERR! Missing: os-locale@1.4.0 from lock file
#13 139.7 npm ERR! Missing: read-pkg-up@1.0.1 from lock file
#13 139.7 npm ERR! Missing: require-main-filename@1.0.1 from lock file
#13 139.7 npm ERR! Missing: string-width@1.0.2 from lock file
#13 139.7 npm ERR! Missing: which-module@1.0.0 from lock file
#13 139.7 npm ERR! Missing: y18n@3.2.2 from lock file
#13 139.7 npm ERR! Missing: yargs-parser@5.0.1 from lock file
#13 139.7 npm ERR! Missing: lcid@1.0.0 from lock file
#13 139.7 npm ERR! Missing: invert-kv@1.0.0 from lock file
#13 139.7 npm ERR! Missing: strip-ansi@3.0.1 from lock file
#13 139.7 npm ERR! Missing: wrap-ansi@2.1.0 from lock file
#13 139.7 npm ERR! Missing: find-up@1.1.2 from lock file
#13 139.7 npm ERR! Missing: read-pkg@1.1.0 from lock file
#13 139.7 npm ERR! Missing: path-exists@2.1.0 from lock file
#13 139.7 npm ERR! Missing: pinkie-promise@2.0.1 from lock file
#13 139.7 npm ERR! Missing: pinkie@2.0.4 from lock file
#13 139.7 npm ERR! Missing: load-json-file@1.1.0 from lock file
#13 139.7 npm ERR! Missing: normalize-package-data@2.5.0 from lock file
#13 139.7 npm ERR! Missing: path-type@1.1.0 from lock file
#13 139.7 npm ERR! Missing: parse-json@2.2.0 from lock file
#13 139.7 npm ERR! Missing: pify@2.3.0 from lock file
#13 139.7 npm ERR! Missing: strip-bom@2.0.0 from lock file
#13 139.7 npm ERR! Missing: hosted-git-info@2.8.9 from lock file
#13 139.7 npm ERR! Missing: semver@5.7.2 from lock file
#13 139.7 npm ERR! Missing: code-point-at@1.1.0 from lock file
#13 139.7 npm ERR! Missing: is-fullwidth-code-point@1.0.0 from lock file
#13 139.7 npm ERR! Missing: number-is-nan@1.0.1 from lock file
#13 139.7 npm ERR! Missing: ansi-regex@2.1.1 from lock file
#13 139.7 npm ERR! Missing: kind-of@3.2.2 from lock file
#13 139.7 npm ERR! Missing: resolve-from@3.0.0 from lock file
#13 139.7 npm ERR! Missing: path-is-inside@1.0.2 from lock file
#13 139.7 npm ERR! Missing: has-flag@3.0.0 from lock file
#13 139.7 npm ERR! Missing: glob@7.2.3 from lock file
#13 139.7 npm ERR! Missing: minimatch@3.1.5 from lock file
#13 139.7 npm ERR! Missing: brace-expansion@1.1.14 from lock file
#13 139.7 npm ERR! Missing: minimatch@3.1.5 from lock file
#13 139.7 npm ERR! Missing: brace-expansion@1.1.14 from lock file
#13 139.7 npm ERR! Missing: ms@2.1.2 from lock file
#13 139.7 npm ERR! Missing: safe-buffer@5.1.2 from lock file
#13 139.7 npm ERR! Missing: string_decoder@1.1.1 from lock file
#13 139.7 npm ERR! Missing: pkg-dir@1.0.0 from lock file
#13 139.7 npm ERR! Missing: find-up@1.1.2 from lock file
#13 139.7 npm ERR! Missing: path-exists@2.1.0 from lock file
#13 139.7 npm ERR! Missing: is-glob@3.1.0 from lock file
#13 139.7 npm ERR! Missing: braces@2.3.2 from lock file
#13 139.7 npm ERR! Missing: extend-shallow@2.0.1 from lock file
#13 139.7 npm ERR! Missing: fill-range@4.0.0 from lock file
#13 139.7 npm ERR! Missing: extend-shallow@2.0.1 from lock file
#13 139.7 npm ERR! Missing: is-number@3.0.0 from lock file
#13 139.7 npm ERR! Missing: to-regex-range@2.1.1 from lock file
#13 139.7 npm ERR! Missing: kind-of@3.2.2 from lock file
#13 139.7 npm ERR! Missing: ms@2.0.0 from lock file
#13 139.7 npm ERR! Missing: brace-expansion@1.1.14 from lock file
#13 139.7 npm ERR! Missing: minimist@0.0.8 from lock file
#13 139.7 npm ERR! Missing: has-flag@3.0.0 from lock file
#13 139.7 npm ERR! Missing: tr46@3.0.0 from lock file
#13 139.7 npm ERR! Missing: webidl-conversions@7.0.0 from lock file
#13 139.7 npm ERR! Missing: punycode@2.3.1 from lock file
#13 139.7 npm ERR! Missing: bl@2.2.1 from lock file
#13 139.7 npm ERR! Missing: require_optional@1.0.1 from lock file
#13 139.7 npm ERR! Missing: saslprep@1.0.3 from lock file
#13 139.7 npm ERR! Missing: resolve-from@2.0.0 from lock file
#13 139.7 npm ERR! Missing: semver@5.7.2 from lock file
#13 139.7 npm ERR! Missing: readable-stream@2.3.8 from lock file
#13 139.7 npm ERR! Missing: safe-buffer@5.1.2 from lock file
#13 139.7 npm ERR! Missing: string_decoder@1.1.1 from lock file
#13 139.7 npm ERR! Missing: safe-buffer@5.1.2 from lock file
#13 139.7 npm ERR! Missing: ms@2.0.0 from lock file
#13 139.7 npm ERR! Missing: string_decoder@1.1.1 from lock file
#13 139.7 npm ERR! Missing: yallist@2.1.2 from lock file
#13 139.7 npm ERR! Missing: isarray@0.0.1 from lock file
#13 139.7 npm ERR! Missing: safe-buffer@5.1.2 from lock file
#13 139.7 npm ERR! Missing: string_decoder@1.1.1 from lock file
#13 139.7 npm ERR! Missing: brace-expansion@1.1.14 from lock file
#13 139.7 npm ERR! Missing: has-flag@3.0.0 from lock file
#13 139.7 npm ERR! Missing: color-convert@1.9.3 from lock file
#13 139.7 npm ERR! Missing: supports-color@5.5.0 from lock file
#13 139.7 npm ERR! Missing: color-name@1.1.3 from lock file
#13 139.7 npm ERR! Missing: path-key@2.0.1 from lock file
#13 139.7 npm ERR! Missing: semver@5.7.2 from lock file
#13 139.7 npm ERR! Missing: shebang-command@1.2.0 from lock file
#13 139.7 npm ERR! Missing: which@1.3.1 from lock file
#13 139.7 npm ERR! Missing: brace-expansion@1.1.14 from lock file
#13 139.7 npm ERR! Missing: load-json-file@4.0.0 from lock file
#13 139.7 npm ERR! Missing: normalize-package-data@2.5.0 from lock file
#13 139.7 npm ERR! Missing: path-type@3.0.0 from lock file
#13 139.7 npm ERR! Missing: parse-json@4.0.0 from lock file
#13 139.7 npm ERR! Missing: pify@3.0.0 from lock file
#13 139.7 npm ERR! Missing: strip-bom@3.0.0 from lock file
#13 139.7 npm ERR! Missing: hosted-git-info@2.8.9 from lock file
#13 139.7 npm ERR! Missing: shebang-regex@1.0.0 from lock file
#13 139.7 npm ERR! Missing: has-flag@3.0.0 from lock file
#13 139.7 npm ERR! Missing: pkg-dir@3.0.0 from lock file
#13 139.7 npm ERR! Missing: locate-path@3.0.0 from lock file
#13 139.7 npm ERR! Missing: minimatch@3.1.5 from lock file
#13 139.7 npm ERR! Missing: argparse@1.0.10 from lock file
#13 139.7 npm ERR! Missing: p-locate@3.0.0 from lock file
#13 139.7 npm ERR! Missing: path-exists@3.0.0 from lock file
#13 139.7 npm ERR! Missing: brace-expansion@1.1.14 from lock file
#13 139.7 npm ERR! Missing: cliui@5.0.0 from lock file
#13 139.7 npm ERR! Missing: string-width@3.1.0 from lock file
#13 139.7 npm ERR! Missing: which-module@2.0.1 from lock file
#13 139.7 npm ERR! Missing: y18n@4.0.3 from lock file
#13 139.7 npm ERR! Missing: strip-ansi@5.2.0 from lock file
#13 139.7 npm ERR! Missing: wrap-ansi@5.1.0 from lock file
#13 139.7 npm ERR! Missing: emoji-regex@7.0.3 from lock file
#13 139.7 npm ERR! Missing: is-fullwidth-code-point@2.0.0 from lock file
#13 139.7 npm ERR! Missing: ansi-regex@4.1.1 from lock file
#13 139.7 npm ERR! Missing: ansi-styles@3.2.1 from lock file
#13 139.7 npm ERR! Missing: color-convert@1.9.3 from lock file
#13 139.7 npm ERR! Missing: color-name@1.1.3 from lock file
#13 139.7 npm ERR! Missing: is-descriptor@0.1.7 from lock file
#13 139.7 npm ERR! Missing: safe-buffer@5.1.2 from lock file
#13 139.7 npm ERR! Missing: string_decoder@1.1.1 from lock file
#13 139.7 npm ERR! Missing: import-fresh@2.0.0 from lock file
#13 139.7 npm ERR! Missing: is-directory@0.3.1 from lock file
#13 139.7 npm ERR! Missing: js-yaml@3.14.2 from lock file
#13 139.7 npm ERR! Missing: parse-json@4.0.0 from lock file
#13 139.7 npm ERR! Missing: caller-path@2.0.0 from lock file
#13 139.7 npm ERR! Missing: resolve-from@3.0.0 from lock file
#13 139.7 npm ERR! Missing: caller-callsite@2.0.0 from lock file
#13 139.7 npm ERR! Missing: callsites@2.0.0 from lock file
#13 139.7 npm ERR! Missing: argparse@1.0.10 from lock file
#13 139.7 npm ERR! Missing: ms@2.1.2 from lock file
#13 139.7 npm ERR! Missing: braces@2.3.2 from lock file
#13 139.7 npm ERR! Missing: extend-shallow@2.0.1 from lock file
#13 139.7 npm ERR! Missing: fill-range@4.0.0 from lock file
#13 139.7 npm ERR! Missing: extend-shallow@2.0.1 from lock file
#13 139.7 npm ERR! Missing: is-number@3.0.0 from lock file
#13 139.7 npm ERR! Missing: to-regex-range@2.1.1 from lock file
#13 139.7 npm ERR! Missing: kind-of@3.2.2 from lock file
#13 139.7 npm ERR! Missing: safe-buffer@5.1.2 from lock file
#13 139.7 npm ERR! Missing: string_decoder@1.1.1 from lock file
#13 139.7 npm ERR! Missing: readable-stream@2.3.8 from lock file
#13 139.7 npm ERR! Missing: safe-buffer@5.1.2 from lock file
#13 139.7 npm ERR! Missing: string_decoder@1.1.1 from lock file
#13 139.7 npm ERR! Missing: readable-stream@2.3.8 from lock file
#13 139.7 npm ERR! Missing: safe-buffer@5.1.2 from lock file
#13 139.7 npm ERR! Missing: string_decoder@1.1.1 from lock file
#13 139.7 npm ERR! Missing: safe-buffer@5.1.2 from lock file
#13 139.7 npm ERR! Missing: locate-path@6.0.0 from lock file
#13 139.7 npm ERR! Missing: p-locate@5.0.0 from lock file
#13 139.7 npm ERR! Missing: p-limit@3.1.0 from lock file
#13 139.7 npm ERR! Missing: anymatch@3.1.3 from lock file
#13 139.7 npm ERR! Missing: is-binary-path@2.1.0 from lock file
#13 139.7 npm ERR! Missing: readdirp@3.6.0 from lock file
#13 139.7 npm ERR! Missing: binary-extensions@2.3.0 from lock file
#13 139.7 npm ERR! Missing: ms@2.0.0 from lock file
#13 139.7 npm ERR! Missing: toidentifier@1.0.0 from lock file
#13 139.7 npm ERR! Missing: has-flag@3.0.0 from lock file
#13 139.7 npm ERR! Missing: ms@2.0.0 from lock file
#13 139.7 npm ERR! Missing: is-descriptor@0.1.7 from lock file
#13 139.7 npm ERR! Missing: is-extendable@0.1.1 from lock file
#13 139.7 npm ERR! Missing: glob@7.2.3 from lock file
#13 139.7 npm ERR! Missing: minimatch@3.1.5 from lock file
#13 139.7 npm ERR! Missing: brace-expansion@1.1.14 from lock file
#13 139.7 npm ERR! Missing: is-descriptor@0.1.7 from lock file
#13 139.7 npm ERR! Missing: safe-buffer@5.1.2 from lock file
#13 139.7 npm ERR! Missing: string_decoder@1.1.1 from lock file
#13 139.7 npm ERR! Missing: safe-buffer@5.1.2 from lock file
#13 139.7 npm ERR! Missing: string_decoder@1.1.1 from lock file
#13 139.7 npm ERR! Missing: safe-buffer@5.1.2 from lock file
#13 139.7 npm ERR! Missing: string_decoder@1.1.1 from lock file
#13 139.7 npm ERR! Missing: safe-buffer@5.1.2 from lock file
#13 139.7 npm ERR! Missing: cross-spawn@5.1.0 from lock file
#13 139.7 npm ERR! Missing: get-stream@3.0.0 from lock file
#13 139.7 npm ERR! Missing: is-stream@1.1.0 from lock file
#13 139.7 npm ERR! Missing: npm-run-path@2.0.2 from lock file
#13 139.7 npm ERR! Missing: strip-eof@1.0.0 from lock file
#13 139.7 npm ERR! Missing: lru-cache@4.1.5 from lock file
#13 139.7 npm ERR! Missing: shebang-command@1.2.0 from lock file
#13 139.7 npm ERR! Missing: which@1.3.1 from lock file
#13 139.7 npm ERR! Missing: yallist@2.1.2 from lock file
#13 139.7 npm ERR! Missing: path-key@2.0.1 from lock file
#13 139.7 npm ERR! Missing: shebang-regex@1.0.0 from lock file
#13 139.7 npm ERR! Missing: brace-expansion@1.1.14 from lock file
#13 139.7 npm ERR! Missing: find-up@3.0.0 from lock file
#13 139.7 npm ERR! Missing: read-pkg@3.0.0 from lock file
#13 139.7 npm ERR! Missing: locate-path@3.0.0 from lock file
#13 139.7 npm ERR! Missing: p-locate@3.0.0 from lock file
#13 139.7 npm ERR! Missing: path-exists@3.0.0 from lock file
#13 139.7 npm ERR! Missing: load-json-file@4.0.0 from lock file
#13 139.7 npm ERR! Missing: normalize-package-data@2.5.0 from lock file
#13 139.7 npm ERR! Missing: path-type@3.0.0 from lock file
#13 139.7 npm ERR! Missing: parse-json@4.0.0 from lock file
#13 139.7 npm ERR! Missing: pify@3.0.0 from lock file
#13 139.7 npm ERR! Missing: strip-bom@3.0.0 from lock file
#13 139.7 npm ERR! Missing: hosted-git-info@2.8.9 from lock file
#13 139.7 npm ERR! Missing: semver@5.7.2 from lock file
#13 139.7 npm ERR! Missing: readable-stream@2.3.8 from lock file
#13 139.7 npm ERR! Missing: safe-buffer@5.1.2 from lock file
#13 139.7 npm ERR! Missing: string_decoder@1.1.1 from lock file
#13 139.7 npm ERR! Missing: readable-stream@2.3.8 from lock file
#13 139.7 npm ERR! Missing: safe-buffer@5.1.2 from lock file
#13 139.7 npm ERR! Missing: string_decoder@1.1.1 from lock file
#13 139.7 npm ERR! Missing: has-values@0.1.4 from lock file
#13 139.7 npm ERR! Missing: isobject@2.1.0 from lock file
#13 139.7 npm ERR! Missing: ansi-styles@3.2.1 from lock file
#13 139.7 npm ERR! Missing: supports-color@5.5.0 from lock file
#13 139.7 npm ERR! Missing: color-convert@1.9.3 from lock file
#13 139.7 npm ERR! Missing: color-name@1.1.3 from lock file
#13 139.7 npm ERR! Missing: ci-info@1.6.0 from lock file
#13 139.7 npm ERR! Missing: has-flag@3.0.0 from lock file
#13 139.7 npm ERR! Missing: safe-buffer@5.1.2 from lock file
#13 139.7 npm ERR! Missing: string_decoder@1.1.1 from lock file
#13 139.7 npm ERR! Missing: ansi-styles@3.2.1 from lock file
#13 139.7 npm ERR! Missing: supports-color@5.5.0 from lock file
#13 139.7 npm ERR! Missing: color-convert@1.9.3 from lock file
#13 139.7 npm ERR! Missing: color-name@1.1.3 from lock file
#13 139.7 npm ERR! Missing: has-flag@3.0.0 from lock file
#13 139.7 npm ERR! Missing: ajv@6.15.0 from lock file
#13 139.7 npm ERR! Missing: ajv-keywords@3.5.2 from lock file
#13 139.7 npm ERR! Missing: json-schema-traverse@0.4.1 from lock file
#13 139.7 npm ERR! Missing: is-fullwidth-code-point@2.0.0 from lock file
#13 139.7 npm ERR! Missing: strip-ansi@4.0.0 from lock file
#13 139.7 npm ERR! Missing: ansi-regex@3.0.1 from lock file
#13 139.7 npm ERR! Missing: is-extendable@0.1.1 from lock file
#13 139.7 npm ERR! Missing: is-extendable@0.1.1 from lock file
#13 139.7 npm ERR! Missing: is-extendable@0.1.1 from lock file
#13 139.7 npm ERR! Missing: is-extendable@0.1.1 from lock file
#13 139.7 npm ERR! Missing: is-extendable@0.1.1 from lock file
#13 139.7 npm ERR! 
#13 139.7 npm ERR! Clean install a project
#13 139.7 npm ERR! 
#13 139.7 npm ERR! Usage:
#13 139.7 npm ERR! npm ci
#13 139.7 npm ERR! 
#13 139.7 npm ERR! Options:
#13 139.7 npm ERR! [-S|--save|--no-save|--save-prod|--save-dev|--save-optional|--save-peer|--save-bundle]
#13 139.7 npm ERR! [-E|--save-exact] [-g|--global] [--global-style] [--legacy-bundling]
#13 139.7 npm ERR! [--omit <dev|optional|peer> [--omit <dev|optional|peer> ...]]
#13 139.7 npm ERR! [--strict-peer-deps] [--no-package-lock] [--foreground-scripts]
#13 139.7 npm ERR! [--ignore-scripts] [--no-audit] [--no-bin-links] [--no-fund] [--dry-run]
#13 139.7 npm ERR! [-w|--workspace <workspace-name> [-w|--workspace <workspace-name> ...]]
#13 139.7 npm ERR! [-ws|--workspaces] [--include-workspace-root] [--install-links]
#13 139.7 npm ERR! 
#13 139.7 npm ERR! aliases: clean-install, ic, install-clean, isntall-clean
#13 139.7 npm ERR! 
#13 139.7 npm ERR! Run "npm help ci" for more info
#13 139.7 
#13 139.7 npm ERR! A complete log of this run can be found in:
#13 139.7 npm ERR!     /root/.npm/_logs/2026-05-05T20_48_05_413Z-debug-0.log
#13 ERROR: process "/bin/sh -c npm ci --legacy-peer-deps" did not complete successfully: exit code: 1
------
 > [deps 8/9] RUN npm ci --legacy-peer-deps:
139.7 npm ERR! [--ignore-scripts] [--no-audit] [--no-bin-links] [--no-fund] [--dry-run]
139.7 npm ERR! [-w|--workspace <workspace-name> [-w|--workspace <workspace-name> ...]]
139.7 npm ERR! [-ws|--workspaces] [--include-workspace-root] [--install-links]
139.7 npm ERR! 
139.7 npm ERR! aliases: clean-install, ic, install-clean, isntall-clean
139.7 npm ERR! 
139.7 npm ERR! Run "npm help ci" for more info
139.7 
139.7 npm ERR! A complete log of this run can be found in:
139.7 npm ERR!     /root/.npm/_logs/2026-05-05T20_48_05_413Z-debug-0.log
------
Dockerfile:96

--------------------

  94 |     

  95 |     # .npmrc sets legacy-peer-deps; flag kept for older npm that ignores the file in edge cases.

  96 | >>> RUN npm ci --legacy-peer-deps

  97 |     RUN npm run bootstrap

  98 |     

--------------------

failed to solve: process "/bin/sh -c npm ci --legacy-peer-deps" did not complete successfully: exit code: 1



View build details: docker-desktop://dashboard/build/default/default/u00ol5ixk0e8kg2frhf04vdeu

